key,english,ar,fr,sources,placeholders,status
 — add the first item., — add the first item.,— أضف العنصر الأول.,— ajoutez le premier élément.,screens\Laundry.tsx,,translated
 · all rooms, · all rooms,· كل الغرف,· toutes les chambres,components\BookingDialog.tsx,,translated
 ({n} as past-stay history), ({n} as past-stay history),({n} كسجل إقامات سابقة),({n} comme historique de séjours passés),screens\Setup.tsx,n,translated
 ({n} short), ({n} short),({n} ناقص),({n} manquant),screens\Laundry.tsx,n,translated
"- write off part of the bill, with a reason","- write off part of the bill, with a reason",- شطب جزء من الفاتورة مع سبب,"- passer une partie de la note en perte, avec un motif",screens\FolioView.tsx,,translated
; your ID and address because hotels must register guests under the law,; your ID and address because hotels must register guests under the law,؛ وهويتك وعنوانك لأن الفنادق ملزمة نظامًا بتسجيل النزلاء,"; votre pièce d'identité et votre adresse, car la loi oblige les hôtels à enregistrer leurs clients",components\PrivacyNotice.tsx,,translated
; your ID and address because hotels must register guests under the law ({report}),; your ID and address because hotels must register guests under the law ({report}),؛ وهويتك وعنوانك لأن الفنادق ملزمة نظامًا بتسجيل النزلاء ({report}),"; votre pièce d'identité et votre adresse, car la loi oblige les hôtels à enregistrer leurs clients ({report})",components\PrivacyNotice.tsx,report,translated
"(sign up, add billing, create a key).","(sign up, add billing, create a key).",(سجّل حسابًا، أضف وسيلة دفع، ثم أنشئ مفتاحًا).,"(inscrivez-vous, ajoutez la facturation, créez une clé).",screens\Assistant.tsx,,translated
{amount} (one-time),{amount} (one-time),{amount} (مرة واحدة),{amount} (une seule fois),screens\PublicBooking.tsx; screens\PublicListing.tsx,amount,translated
{amount} (refundable),{amount} (refundable),{amount} (قابل للاسترداد),{amount} (remboursable),screens\PublicBooking.tsx; screens\PublicListing.tsx,amount,translated
{amount} still to collect,{amount} still to collect,{amount} لا يزال للتحصيل,{amount} encore à encaisser,screens\Banquet.tsx,amount,translated
{amt} left on the bill.,{amt} left on the bill.,يتبقى {amt} على الفاتورة.,{amt} restant sur la note.,components\BookingDialog.tsx,amt,translated
{amt} of {total} collected,{amt} of {total} collected,تم تحصيل {amt} من {total},{amt} encaissés sur {total},components\BookingDialog.tsx,amt total,translated
{avail} left · sleeps {cap} · {rate}/night,{avail} left · sleeps {cap} · {rate}/night,{avail} متبقية · تستوعب {cap} · {rate}/ليلة,il reste {avail} · capacité {cap} · {rate}/nuit,screens\CRS.tsx,avail cap rate,translated
{bed} bed,{bed} bed,سرير {bed},lit {bed},screens\PublicBooking.tsx; screens\PublicListing.tsx,bed,translated
{course} held · {n},{course} held · {n},{course} معلّق · {n},{course} en attente · {n},screens\Kitchen.tsx,course n,translated
{cur}/adult/night,{cur}/adult/night,{cur}/بالغ/ليلة,{cur}/adulte/nuit,screens\Setup.tsx,cur,translated
{cur}/night,{cur}/night,{cur}/ليلة,{cur}/nuit,screens\Setup.tsx,cur,translated
{f} Floor,{f} Floor,طابق {f},Étage {f},screens\Today.tsx,f,translated
{guest} · open registration,{guest} · open registration,{guest} · فتح التسجيل,{guest} · ouvrir la fiche de police,screens\Today.tsx,guest,translated
{header} (ignored),{header} (ignored),{header} (مُتجاهل),{header} (ignoré),screens\Setup.tsx,header,translated
{label}: all,{label}: all,{label}: الكل,{label} : tous,components\ResourceScreen.tsx,label,translated
{n} ad,{n} ad,{n} بالغ,,screens\Today.tsx,n,missing:fr
{n} adult{s},{n} adult{s},{n} بالغ{s},{n} adulte{s},components\CheckInDialog.tsx; screens\PublicCheckin.tsx; screens\RegistrationCard.tsx; screens\Today.tsx,n s,translated
{n} booking{s} imported{history},{n} booking{s} imported{history},تم استيراد {n} حجز{s}{history},{n} réservation{s} importée{s}{history},screens\Setup.tsx,n s history,translated
{n} changeover conflict{s},{n} changeover conflict{s},{n} تعارض تبديل{s},{n} conflit{s} de rotation,screens\TapeChart.tsx,n s,translated
{n} child,{n} child,{n} طفل,{n} enfant,screens\PublicCheckin.tsx; screens\RegistrationCard.tsx,n,translated
{n} day{s} before arrival.,{n} day{s} before arrival.,{n} يوم{s} قبل الوصول.,{n} jour{s} avant l'arrivée.,components\CancelPanel.tsx,n s,translated
{n} documents issued · last ICV {icv} · Phase 2: {status}.,{n} documents issued · last ICV {icv} · Phase 2: {status}.,صدر {n} مستند · آخر عداد {icv} · المرحلة الثانية: {status}.,{n} documents émis · dernier ICV {icv} · Phase 2 : {status}.,screens\Settings.tsx,n icv status,translated
{n} function{s} · {pax} pax,{n} function{s} · {pax} pax,{n} مناسبة{s} · {pax} ضيف,{n} événement{s} · {pax} pax,screens\Banquet.tsx,n s pax,translated
{n} functions on the books,{n} functions on the books,{n} مناسبة في الدفاتر,{n} événements au planning,screens\Banquet.tsx,n,translated
{n} item{s},{n} item{s},{n} بند{s},{n} article{s},screens\Kitchen.tsx; screens\QrMenu.tsx,n s,translated
{n} line{s},{n} line{s},{n} سطر{s},{n} ligne{s},screens\FolioView.tsx,n s,translated
{n} line{s} · {cur}{amount} selected,{n} line{s} · {cur}{amount} selected,{n} سطر{s} · {cur}{amount} محدد,{n} ligne{s} · {cur}{amount} sélectionné,screens\FolioView.tsx,n s cur amount,translated
{n} listing{s},{n} listing{s},{n} قائمة{s},{n} annonce{s},screens\PublicBooking.tsx; screens\PublicListing.tsx,n s,translated
{n} night{s},{n} night{s},{n} ليلة{s},{n} nuit{s},screens\FolioView.tsx; screens\PublicBooking.tsx; screens\PublicCheckin.tsx; screens\PublicListing.tsx; screens\Today.tsx,n s,translated
{n} night{s} · {amount} · {folios} folio{s2} · {noShows} no-show{s3},{n} night{s} · {amount} · {folios} folio{s2} · {noShows} no-show{s3},{n} ليلة{s} · {amount} · {folios} فاتورة{s2} · {noShows} لم يحضر{s3},{n} nuit{s} · {amount} · {folios} folio{s2} · {noShows} non-présentation{s3},screens\Billing.tsx,n s amount folios s2 noShows s3,translated
{n} overdue,{n} overdue,{n} متأخر,{n} en retard,screens\Today.tsx,n,translated
{n} pc,{n} pc,{n} قطعة,{n} pce,screens\Laundry.tsx,n,translated
{n} pending,{n} pending,{n} قيد الانتظار,{n} en attente,screens\Laundry.tsx,n,translated
{n} photos,{n} photos,{n} صورة,,screens\PublicBooking.tsx,n,missing:fr
{n} piece(s) short — why? (required),{n} piece(s) short — why? (required),{n} قطعة ناقصة — لماذا؟ (مطلوب),{n} pièce(s) manquante(s) — pourquoi ? (obligatoire),screens\Laundry.tsx,n,translated
"{n} propert{ies} with space · {nights} night{s}, {adults} adult{s2}{children}","{n} propert{ies} with space · {nights} night{s}, {adults} adult{s2}{children}",{n} عقار{ies} به مكان · {nights} ليلة{s}، {adults} بالغ{s2}{children},,screens\CRS.tsx,n ies nights s adults s2 children,missing:fr
{n} ready to import,{n} ready to import,{n} جاهز للاستيراد,{n} prêtes à importer,screens\Setup.tsx,n,translated
{n} rooms,{n} rooms,{n} غرف,{n} chambres,screens\Dashboard.tsx,n,translated
{n} rooms · from {rate}/night,{n} rooms · from {rate}/night,{n} غرف · من {rate}/ليلة,{n} chambres · à partir de {rate}/nuit,screens\CRS.tsx,n rate,translated
{n} rooms free for these dates,{n} rooms free for these dates,{n} غرف متاحة لهذه التواريخ,{n} chambres libres pour ces dates,components\RoomChangeDialog.tsx,n,translated
{n} seats,{n} seats,{n} مقاعد,{n} places,screens\POS.tsx,n,translated
{n} staying,{n} staying,{n} مقيم,{n} en séjour,screens\Today.tsx,n,translated
{n} task{s} for you - arrivals first,{n} task{s} for you - arrivals first,{n} مهمة{s} لك - الوصول أولاً,{n} tâche{s} pour vous - les arrivées d'abord,screens\HkApp.tsx,n s,translated
{n} tickets,{n} tickets,{n} تذاكر,,screens\Kitchen.tsx,n,missing:fr
{n} unassigned - take one to add it to your list,{n} unassigned - take one to add it to your list,{n} غير مخصص - خذ واحداً لإضافته لقائمتك,{n} non attribuée(s) - prenez-en une pour l'ajouter à votre liste,screens\HkApp.tsx,n,translated
{n} will be skipped,{n} will be skipped,سيتم تخطي {n},{n} seront ignorées,screens\Setup.tsx,n,translated
{n}-night minimum,{n}-night minimum,حد أدنى {n} ليالٍ,{n} nuits minimum,screens\PublicBooking.tsx; screens\PublicListing.tsx,n,translated
{n}{ord} Floor,{n}{ord} Floor,الطابق {n}{ord},,screens\Today.tsx,n ord,missing:fr
{name} logo,{name} logo,شعار {name},logo {name},screens\PublicBooking.tsx,name,translated
{name} map,{name} map,خريطة {name},carte de {name},screens\PublicBooking.tsx,name,translated
{name} usually takes {min}+ - check the minimum spend applies.,{name} usually takes {min}+ - check the minimum spend applies.,{name} عادةً يأخذ {min}+ - تحقق من تطبيق الحد الأدنى للإنفاق.,{name} demande habituellement {min}+ - vérifiez que le minimum de dépense s'applique.,screens\Banquet.tsx,name min,translated
{occupied} of {total} rooms,{occupied} of {total} rooms,{occupied} من {total} غرف,{occupied} chambres sur {total},screens\Today.tsx,occupied total,translated
{pct}% occupied · {occupied} of {total},{pct}% occupied · {occupied} of {total},{pct}% إشغال · {occupied} من {total},{pct} % d'occupation · {occupied} sur {total},screens\Today.tsx,pct occupied total,translated
{plan} (+{amount}/adult/night),{plan} (+{amount}/adult/night),{plan} (+{amount}/بالغ/ليلة),{plan} (+{amount}/adulte/nuit),screens\PublicBooking.tsx,plan amount,translated
"{property} in {city}: {n} room types from {rate}/night. Best-rate direct booking, pay at hotel.","{property} in {city}: {n} room types from {rate}/night. Best-rate direct booking, pay at hotel.",{property} في {city}: {n} أنواع غرف ابتداءً من {rate}/ليلة. حجز مباشر بأفضل سعر، والدفع في الفندق.,"{property} à {city} : {n} types de chambres à partir de {rate}/nuit. Réservation directe au meilleur tarif, paiement à l'hôtel.",screens\PublicBooking.tsx,property city n rate,translated
{property} uses your details for this stay.,{property} uses your details for this stay.,يستخدم {property} بياناتك لهذه الإقامة.,{property} utilise vos informations pour ce séjour.,components\PrivacyNotice.tsx,property,translated
"{property}, {city} - book direct from {rate}/night","{property}, {city} - book direct from {rate}/night",{property}، {city} - احجز مباشرة ابتداءً من {rate}/ليلة,"{property}, {city} - réservez en direct à partir de {rate}/nuit",screens\PublicBooking.tsx,property city rate,translated
{room} · {from} → {to},{room} · {from} → {to},,,screens\PublicBooking.tsx,room from to,needs_translation
{room} hasn't been cleaned yet - housekeeping will see the room flip to occupied.,{room} hasn't been cleaned yet - housekeeping will see the room flip to occupied.,{room} لم تُنظَّف بعد - سيرى التدبير المنزلي الغرفة تتحول إلى مشغولة.,La chambre {room} n'a pas encore été nettoyée - le ménage verra la chambre passer en occupée.,components\BookingDialog.tsx; components\CheckInDialog.tsx,room,translated
{room} hasn't been cleaned yet.,{room} hasn't been cleaned yet.,{room} لم تُنظَّف بعد.,La chambre {room} n'a pas encore été nettoyée.,components\RoomChangeDialog.tsx,room,translated
{rooms} rooms · {booked} in use,{rooms} rooms · {booked} in use,{rooms} غرف · {booked} قيد الاستخدام,{rooms} chambres · {booked} en service,screens\TapeChart.tsx,rooms booked,translated
{sold} of {total} rooms,{sold} of {total} rooms,{sold} من {total} غرف,{sold} chambres sur {total},screens\Reports.tsx,sold total,translated
{tax} summary,{tax} summary,ملخص {tax},Récapitulatif {tax},screens\FolioView.tsx,tax,translated
{time} onwards,{time} onwards,من {time} فصاعداً,à partir de {time},screens\PublicBooking.tsx,time,translated
{type} room,{type} room,غرفة {type},Chambre {type},screens\PublicCheckin.tsx,type,translated
{type}: stay total -{amt} (now {total}),{type}: stay total -{amt} (now {total}),{type}: إجمالي الإقامة -{amt} (الآن {total}),{type} : total du séjour -{amt} (désormais {total}),components\RoomChangeDialog.tsx,type amt total,translated
{type}: stay total +{amt} (now {total}),{type}: stay total +{amt} (now {total}),{type}: إجمالي الإقامة +{amt} (الآن {total}),{type} : total du séjour +{amt} (désormais {total}),components\RoomChangeDialog.tsx,type amt total,translated
/ night,/ night,/ ليلة,/ nuit,screens\PublicBooking.tsx,,translated
+ New Company folio,+ New Company folio,+ فاتورة شركة جديدة,+ Nouveau folio société,screens\FolioView.tsx,,translated
+ New Extra folio,+ New Extra folio,+ فاتورة إضافية جديدة,+ Nouveau folio supplémentaire,screens\FolioView.tsx,,translated
+{n} house / complimentary order{s} (not billed),+{n} house / complimentary order{s} (not billed),+{n} طلب{s} منزل / مجاني (غير مفوتر),+{n} commande{s} maison / gratuité (non facturée{s}),screens\Laundry.tsx,n s,translated
0 = never oversell. Room types can override this on their own doctype.,0 = never oversell. Room types can override this on their own doctype.,,,screens\Settings.tsx,,needs_translation
1 Star,1 Star,,,screens\Settings.tsx,,needs_translation
1-ZIRI|2-PMS|3-<unit serial>,1-ZIRI|2-PMS|3-<unit serial>,,,screens\Settings.tsx,,needs_translation
1:00 AM,1:00 AM,,,screens\Setup.tsx,,needs_translation
1:00 PM,1:00 PM,,,screens\Setup.tsx,,needs_translation
10:00 AM,10:00 AM,,,screens\Setup.tsx,,needs_translation
10:00 PM,10:00 PM,,,screens\Setup.tsx,,needs_translation
11:00 AM,11:00 AM,,,screens\Setup.tsx,,needs_translation
11:00 PM,11:00 PM,,,screens\Setup.tsx,,needs_translation
12:00 AM,12:00 AM,,,screens\Setup.tsx,,needs_translation
12:00 PM,12:00 PM,,,screens\Setup.tsx,,needs_translation
"15 digits, starts and ends with 3.","15 digits, starts and ends with 3.",,,screens\Settings.tsx,,needs_translation
2 Star,2 Star,,,screens\Settings.tsx,,needs_translation
2:00 AM,2:00 AM,,,screens\Setup.tsx,,needs_translation
2:00 PM,2:00 PM,,,screens\Setup.tsx,,needs_translation
3 Star,3 Star,,,screens\Settings.tsx,,needs_translation
3:00 AM,3:00 AM,,,screens\Setup.tsx,,needs_translation
3:00 PM,3:00 PM,,,screens\Setup.tsx,,needs_translation
30% or 1500,30% or 1500,30٪ أو 1500,30 % ou 1500,screens\FolioView.tsx,,translated
"300 pax sangeet, veg buffet, DJ till 1am, green room for the bride…","300 pax sangeet, veg buffet, DJ till 1am, green room for the bride…",300 ضيف سانجيت، بوفيه نباتي، دي جي حتى الساعة 1 صباحاً، غرفة للعروس…,"300 pax, buffet végétarien, DJ jusqu'à 1 h, loge pour la mariée…",screens\Banquet.tsx,,translated
4 digits,4 digits,,,screens\Settings.tsx,,needs_translation
4 Star,4 Star,,,screens\Settings.tsx,,needs_translation
4:00 AM,4:00 AM,,,screens\Setup.tsx,,needs_translation
4:00 PM,4:00 PM,,,screens\Setup.tsx,,needs_translation
5 digits,5 digits,,,screens\Settings.tsx,,needs_translation
5 Star,5 Star,,,screens\Settings.tsx,,needs_translation
5:00 AM,5:00 AM,,,screens\Setup.tsx,,needs_translation
5:00 PM,5:00 PM,,,screens\Setup.tsx,,needs_translation
6:00 AM,6:00 AM,,,screens\Setup.tsx,,needs_translation
6:00 PM,6:00 PM,,,screens\Setup.tsx,,needs_translation
7:00 AM,7:00 AM,,,screens\Setup.tsx,,needs_translation
7:00 PM,7:00 PM,,,screens\Setup.tsx,,needs_translation
8:00 AM,8:00 AM,,,screens\Setup.tsx,,needs_translation
8:00 PM,8:00 PM,,,screens\Setup.tsx,,needs_translation
"800×600px landscape JPG/WebP, under 500 KB — shows on the POS card and the guest QR menu","800×600px landscape JPG/WebP, under 500 KB — shows on the POS card and the guest QR menu",,,screens\configs.ts,,needs_translation
9:00 AM,9:00 AM,,,screens\Setup.tsx,,needs_translation
9:00 PM,9:00 PM,,,screens\Setup.tsx,,needs_translation
A {amount} registration fee is collected to confirm; the rest is paid at the hotel.,A {amount} registration fee is collected to confirm; the rest is paid at the hotel.,يُحصَّل رسم تسجيل قدره {amount} للتأكيد؛ والباقي يُدفع في الفندق.,Des frais de dossier de {amount} sont encaissés à la confirmation ; le solde est réglé à l'hôtel.,screens\PublicBooking.tsx,amount,translated
A {pct}% advance is collected to confirm; the rest is paid at the hotel.,A {pct}% advance is collected to confirm; the rest is paid at the hotel.,تُحصَّل دفعة مقدمة بنسبة {pct}% للتأكيد؛ والباقي يُدفع في الفندق.,Un acompte de {pct} % est encaissé à la confirmation ; le solde est réglé à l'hôtel.,screens\PublicBooking.tsx,pct,translated
A masked Aadhaar (last 4 digits showing) is fine.,A masked Aadhaar (last 4 digits showing) is fine.,يكفي آدهار مخفي تظهر فيه آخر 4 أرقام.,Un Aadhaar masqué (4 derniers chiffres visibles) convient.,screens\PublicCheckin.tsx,,translated
A refundable security deposit of {amount} may be collected separately.,A refundable security deposit of {amount} may be collected separately.,قد يُحصَّل تأمين قابل للاسترداد قدره {amount} بشكل منفصل.,Une caution remboursable de {amount} peut être encaissée séparément.,screens\PublicBooking.tsx,amount,translated
A server confirms your order before the kitchen starts.,A server confirms your order before the kitchen starts.,يؤكّد أحد العاملين طلبك قبل أن يبدأ المطبخ.,Un serveur confirme votre commande avant que la cuisine ne commence.,screens\QrMenu.tsx,,translated
A walk-in arrives today,A walk-in arrives today,الحجز المباشر يصل اليوم,Un client sans réservation arrive aujourd'hui,components\BookingDialog.tsx,,translated
Absolute,Absolute,,,screens\configs.ts,,needs_translation
AC,AC,مكيف,Clim,screens\Setup.tsx; screens\configs.ts,,translated
Accept,Accept,قبول,Accepter,screens\HkApp.tsx,,translated
Access instructions,Access instructions,,,screens\Settings.tsx,,needs_translation
Access token,Access token,,,screens\configs.ts,,needs_translation
Accounting Export,Accounting Export,تصدير المحاسبة,Export comptable,lib\apps.ts,,translated
Actions,Actions,إجراءات,,screens\FolioView.tsx,,missing:fr
Active,Active,نشط,Actif,screens\configs.ts,,translated
Activity Log,Activity Log,سجل النشاط,Journal d'activité,lib\apps.ts,,translated
Actor,Actor,المُنفِّذ,Auteur,screens\Agents.tsx,,translated
Actual check-in,Actual check-in,الوصول الفعلي,Arrivée effective,screens\RegistrationCard.tsx,,translated
Actual check-out,Actual check-out,المغادرة الفعلية,Départ effectif,screens\RegistrationCard.tsx,,translated
Add,Add,إضافة,Ajouter,screens\PublicBooking.tsx,,translated
Add a photo of your ID (optional),Add a photo of your ID (optional),أضف صورة لهويتك (اختياري),Ajoutez une photo de votre pièce d'identité (facultatif),screens\PublicCheckin.tsx,,translated
Add another photo / video,Add another photo / video,أضف صورة / فيديو آخر,Ajouter une autre photo / vidéo,screens\HkApp.tsx,,translated
Add another room,Add another room,إضافة غرفة أخرى,Ajouter une autre chambre,components\BookingDialog.tsx,,translated
"Add channels, payments, accounting and country packs - and see what's included in your plan.","Add channels, payments, accounting and country packs - and see what's included in your plan.",أضف القنوات والمدفوعات والمحاسبة وحزم الدول - واطلع على ما يشمله اشتراكك.,"Ajoutez des canaux, des paiements, la comptabilité et des packs pays - et voyez ce qui est inclus dans votre offre.",screens\AppLauncher.tsx,,translated
Add discount,Add discount,إضافة خصم,Ajouter une remise,screens\POS.tsx,,translated
Add experiences,Add experiences,أضف تجارب,Ajouter des expériences,screens\PublicBooking.tsx,,translated
Add listing,Add listing,إضافة قائمة,Ajouter une annonce,screens\Setup.tsx,,translated
Add one,Add one,إضافة واحد,Ajouter une unité,screens\PublicBooking.tsx; screens\QrMenu.tsx,,translated
Add photo / video,Add photo / video,أضف صورة / فيديو,Ajouter une photo / vidéo,screens\HkApp.tsx,,translated
Add rate,Add rate,إضافة سعر,Ajouter un tarif,screens\Laundry.tsx,,translated
Add room type,Add room type,إضافة نوع غرفة,Ajouter un type de chambre,screens\Setup.tsx,,translated
Add round & fire KOT,Add round & fire KOT,إضافة جولة وإرسال أمر المطبخ,Ajouter une tournée et envoyer le KOT,screens\POS.tsx,,translated
Add to pickup queue,Add to pickup queue,إضافة إلى قائمة الاستلام,Ajouter à la file de collecte,screens\Laundry.tsx,,translated
Add-ons (incl. {tax}),Add-ons (incl. {tax}),الإضافات (شامل {tax}),Extras ({tax} comprise),components\BookingDialog.tsx,tax,translated
Additional number,Additional number,,,screens\Settings.tsx,,needs_translation
Address,Address,العنوان,Adresse,screens\FolioView.tsx; screens\PublicCheckin.tsx; screens\RegistrationCard.tsx; screens\Settings.tsx,,translated
Address proof,Address proof,إثبات العنوان,Justificatif de domicile,components\CheckInDialog.tsx; screens\RegistrationCard.tsx,,translated
Address proof (optional),Address proof (optional),إثبات العنوان (اختياري),Justificatif de domicile (facultatif),screens\PublicCheckin.tsx,,translated
Adjustment,Adjustment,,,screens\configs.ts,,needs_translation
Administrator or you@hotel.com,Administrator or you@hotel.com,Administrator أو you@hotel.com,Administrateur ou vous@hotel.com,screens\Login.tsx,,translated
ADR,ADR,متوسط سعر الغرفة,,screens\Dashboard.tsx; screens\Reports.tsx,,missing:fr
ADR {cur},ADR {cur},متوسط سعر الغرفة {cur},,screens\Reports.tsx,cur,missing:fr
Adults,Adults,البالغون,Adultes,components\BookingDialog.tsx; screens\CRS.tsx; screens\PublicBooking.tsx; screens\PublicListing.tsx; screens\Setup.tsx,,translated
Adults included in base price,Adults included in base price,,,screens\configs.ts,,needs_translation
Advance bill,Advance bill,فاتورة مقدمة,Facture d'acompte,screens\FolioView.tsx,,translated
Advance paid,Advance paid,الدفعة المقدمة,Acompte versé,screens\RegistrationCard.tsx,,translated
Advance percent,Advance percent,نسبة المقدمة,Pourcentage d'acompte,screens\Setup.tsx,,translated
Advance Percent,Advance Percent,نسبة الدفعة المقدمة,Pourcentage d'acompte,screens\Setup.tsx,,translated
Africa/Algiers,Africa/Algiers,,,screens\Settings.tsx,,needs_translation
Africa/Cairo,Africa/Cairo,,,screens\Settings.tsx,,needs_translation
Africa/Nairobi,Africa/Nairobi,,,screens\Settings.tsx,,needs_translation
"After the desk is live, put an AI concierge on your WhatsApp number — it uses ZIRI's tools. Metered by HeyKoala; the PMS stays free.","After the desk is live, put an AI concierge on your WhatsApp number — it uses ZIRI's tools. Metered by HeyKoala; the PMS stays free.",بعد تشغيل مكتب الاستقبال، ضع مساعد استقبال بالذكاء الاصطناعي على رقم WhatsApp الخاص بك — يستخدم أدوات ZIRI PMS. المحاسبة على HeyKoala؛ والنظام يبقى مجانيًا.,"Une fois la réception en service, mettez un concierge IA sur votre numéro WhatsApp — il utilise les outils de ZIRI PMS. Facturé à l'usage par HeyKoala ; le PMS reste gratuit.",screens\Setup.tsx,,translated
Age,Age,العمر,Âge,screens\RegistrationCard.tsx,,translated
Agent,Agent,الوكيل,,screens\Agents.tsx; screens\configs.ts,,missing:fr
Agent name,Agent name,,,screens\configs.ts,,needs_translation
AI (Article d'Imposition),AI (Article d'Imposition),AI (مادة الإخضاع الضريبي),AI (Article d'Imposition),screens\Settings.tsx,,translated
AI Agent,AI Agent,وكيل الذكاء الاصطناعي,Agent IA,screens\Today.tsx,,translated
AI assistant (bring your own key),AI assistant (bring your own key),مساعد الذكاء الاصطناعي (مفتاحك الخاص),Assistant IA (avec votre propre clé),screens\Settings.tsx,,translated
AI only,AI only,الذكاء الاصطناعي فقط,IA uniquement,screens\Agents.tsx,,translated
AioSell,AioSell,,,screens\configs.ts,,needs_translation
Air Conditioning,Air Conditioning,تكييف الهواء,Climatisation,screens\Setup.tsx; screens\configs.ts,,translated
Alcohol,Alcohol,كحول,Alcool,screens\FolioView.tsx; screens\configs.ts,,translated
All,All,الكل,Tous,screens\Kitchen.tsx; screens\POS.tsx,,translated
All ({n}),All ({n}),الكل ({n}),Tous ({n}),screens\POS.tsx,n,translated
All Floors,All Floors,كل الطوابق,Tous les étages,screens\HousekeepingBoard.tsx; screens\Today.tsx,,translated
All functions,All functions,كل المناسبات,Tous les événements,screens\Banquet.tsx,,translated
All Functions,All Functions,كل المناسبات,Tous les événements,lib\apps.ts,,translated
All outlets,All outlets,كل المنافذ,Tous les points de vente,screens\Kitchen.tsx,,translated
All properties,All properties,كل العقارات,Tous les établissements,screens\Dashboard.tsx; screens\PublicListing.tsx,,translated
All ready,All ready,الكل جاهز,Tout est prêt,screens\Kitchen.tsx,,translated
All ready — send to pass,All ready — send to pass,الكل جاهز — أرسل للممر,Tout est prêt — envoyer au passe,screens\Kitchen.tsx,,translated
All room types,All room types,كل أنواع الغرف,Tous les types de chambres,screens\TapeChart.tsx,,translated
All sessions,All sessions,كل الجلسات,Toutes les sessions,screens\CashierTill.tsx,,translated
All statuses,All statuses,كل الحالات,Tous les statuts,screens\Banquet.tsx,,translated
All types (upgrade),All types (upgrade),كل الأنواع (ترقية),Tous les types (surclassement),components\RoomChangeDialog.tsx,,translated
allergy,allergy,حساسية,allergie,screens\Kitchen.tsx,,translated
Allow,Allow,السماح,Autoriser,screens\FolioView.tsx,,translated
Already ran for today ({audit}).,Already ran for today ({audit}).,تم التشغيل بالفعل لليوم ({audit}).,Déjà exécuté pour aujourd'hui ({audit}).,screens\Billing.tsx,audit,translated
Amenities,Amenities,المرافق,Équipements,lib\apps.ts; screens\BookingEngine.tsx; screens\configs.ts,,translated
Amenities (one per line),Amenities (one per line),,,screens\Settings.tsx,,needs_translation
America/Los_Angeles,America/Los_Angeles,,,screens\Settings.tsx,,needs_translation
America/New_York,America/New_York,,,screens\Settings.tsx,,needs_translation
Amount,Amount,المبلغ,Montant,components\DepositPanel.tsx; screens\CashierTill.tsx; screens\configs.ts,,translated
Amount {cur},Amount {cur},المبلغ {cur},Montant {cur},screens\FolioView.tsx; screens\HkApp.tsx,cur,translated
Amount collected,Amount collected,المبلغ المحصّل,Montant encaissé,components\BookingDialog.tsx,,translated
Amounts are inclusive of GST at the rates shown.,Amounts are inclusive of GST at the rates shown.,المبالغ شاملة الضريبة بالنّسب المعروضة.,"Les montants sont TTC, taxe aux taux indiqués.",screens\FolioView.tsx,,translated
Anniversary,Anniversary,,,screens\configs.ts,,needs_translation
Any departures with money due?,Any departures with money due?,هل من مغادرات بمبالغ مستحقّة؟,Des départs avec un solde dû ?,components\AssistantPanel.tsx,,translated
Any string; use the same one in Meta's webhook setup,Any string; use the same one in Meta's webhook setup,,,screens\configs.ts,,needs_translation
Anything the staff should know (optional),Anything the staff should know (optional),أي شيء يجب أن يعرفه الموظفون (اختياري),Quelque chose à signaler au personnel (facultatif),screens\Tickets.tsx,,translated
Anything we should know?,Anything we should know?,هل هناك ما يجب أن نعرفه؟,Quelque chose à nous signaler ?,screens\PublicCheckin.tsx,,translated
Anything worth remembering (optional),Anything worth remembering (optional),أي شيء يستحق التذكر (اختياري),Quelque chose à retenir (facultatif),components\CancelPanel.tsx,,translated
AP,AP,,,screens\configs.ts,,needs_translation
API endpoint override,API endpoint override,,,screens\configs.ts,,needs_translation
API key,API key,مفتاح API,Clé d'API,screens\Settings.tsx,,translated
API key / token,API key / token,,,screens\configs.ts,,needs_translation
App settings > Basic. Required: inbound messages are signature-checked with it - stored encrypted,App settings > Basic. Required: inbound messages are signature-checked with it - stored encrypted,,,screens\configs.ts,,needs_translation
Appearance,Appearance,المظهر,Apparence,screens\Settings.tsx,,translated
applies to this browser only,applies to this browser only,ينطبق على هذا المتصفح فقط,s'applique à ce navigateur uniquement,screens\Settings.tsx,,translated
Apply,Apply,تطبيق,Appliquer,screens\PublicBooking.tsx,,translated
Arabic switches the interface to right-to-left · this browser only,Arabic switches the interface to right-to-left · this browser only,العربية تبدّل الواجهة من اليمين لليسار · هذا المتصفح فقط,L'arabe fait passer l'interface de droite à gauche · ce navigateur uniquement,screens\Settings.tsx,,translated
Area (sq ft),Area (sq ft),,,screens\configs.ts,,needs_translation
"Args: guest, amount, note","Args: guest, amount, note",,,screens\configs.ts,,needs_translation
"Args: guest, link","Args: guest, link",,,screens\configs.ts,,needs_translation
"Args: guest, property, check-in, check-out","Args: guest, property, check-in, check-out",,,screens\configs.ts,,needs_translation
Arr,Arr,وصول,Arr.,screens\Dashboard.tsx,,translated
Arrival,Arrival,,,screens\configs.ts,,needs_translation
arrival {eta},arrival {eta},وصول {eta},arrivée {eta},screens\HkApp.tsx,eta,translated
Arrival / departure times (ETA · ETD),Arrival / departure times (ETA · ETD),أوقات الوصول / المغادرة (ETA · ETD),Heures d'arrivée / de départ (ETA · ETD),screens\TapeChart.tsx,,translated
arrival today,arrival today,وصول اليوم,arrivée aujourd'hui,screens\HkApp.tsx,,translated
Arrivals,Arrivals,الوصول,Arrivées,screens\Dashboard.tsx; screens\Reports.tsx; screens\Today.tsx,,translated
Arrive,Arrive,,,screens\configs.ts,,needs_translation
Arriving around,Arriving around,موعد الوصول التقريبي,Arrivée vers,screens\PublicCheckin.tsx,,translated
Asia/Aden,Asia/Aden,,,screens\Settings.tsx,,needs_translation
Asia/Bangkok,Asia/Bangkok,,,screens\Settings.tsx,,needs_translation
Asia/Dubai,Asia/Dubai,,,screens\Settings.tsx,,needs_translation
Asia/Jakarta,Asia/Jakarta,,,screens\Settings.tsx,,needs_translation
Asia/Kolkata,Asia/Kolkata,,,screens\Settings.tsx,,needs_translation
Asia/Muscat,Asia/Muscat,,,screens\Settings.tsx,,needs_translation
Asia/Riyadh,Asia/Riyadh,,,screens\Settings.tsx,,needs_translation
Asia/Singapore,Asia/Singapore,,,screens\Settings.tsx,,needs_translation
Ask anything about the hotel…,Ask anything about the hotel…,اسأل عن أي شيء يخصّ الفندق…,Posez n'importe quelle question sur l'hôtel…,screens\Assistant.tsx,,translated
"ask to see, correct or erase your data, or withdraw consent, by contacting {contact}.","ask to see, correct or erase your data, or withdraw consent, by contacting {contact}.",اطلب الاطلاع على بياناتك أو تصحيحها أو حذفها، أو اسحب موافقتك، بالتواصل مع {contact}.,"demander à consulter, corriger ou effacer vos données, ou retirer votre consentement, en contactant {contact}.",components\PrivacyNotice.tsx,contact,translated
"ask to see, correct or erase your data, or withdraw consent, by contacting the hotel.","ask to see, correct or erase your data, or withdraw consent, by contacting the hotel.",اطلب الاطلاع على بياناتك أو تصحيحها أو حذفها، أو اسحب موافقتك، بالتواصل مع الفندق.,"demander à consulter, corriger ou effacer vos données, ou retirer votre consentement, en contactant l'hôtel.",components\PrivacyNotice.tsx,,translated
Assign {n} room{s},Assign {n} room{s},تعيين {n} غرفة{s},Attribuer {n} chambre{s},screens\TapeChart.tsx,n s,translated
Assign room,Assign room,تخصيص غرفة,Attribuer une chambre,screens\RegistrationCard.tsx,,translated
assigned to you,assigned to you,مخصص لك,qui vous sont attribuées,screens\HkApp.tsx,,translated
Assigning...,Assigning...,جارٍ التعيين...,Attribution en cours...,screens\TapeChart.tsx,,translated
Attached,Attached,,,screens\configs.ts,,needs_translation
auth,auth,تفويض,autorisé par,screens\POS.tsx,,translated
Authorised signatory,Authorised signatory,الموقع المعتمد,Signataire autorisé,screens\FolioView.tsx,,translated
Auto-assign arrivals,Auto-assign arrivals,تعيين الوصول تلقائياً,Attribuer automatiquement les arrivées,screens\TapeChart.tsx,,translated
Auto-detect format,Auto-detect format,اكتشاف التنسيق تلقائياً,Détecter le format automatiquement,screens\Setup.tsx,,translated
Autonomy,Autonomy,الاستقلالية,Autonomie,screens\Agents.tsx,,translated
Available,Available,متاح,Disponible,screens\HkApp.tsx; screens\configs.ts,,translated
Available ({n}),Available ({n}),متاح ({n}),Disponibles ({n}),screens\POS.tsx,n,translated
Available{n},Available{n},متاح{n},Disponibles{n},screens\HkApp.tsx,n,translated
Back,Back,رجوع,Retour,screens\Setup.tsx,,translated
Back to board,Back to board,العودة إلى اللوحة,Retour au tableau,screens\Kitchen.tsx,,translated
Back to chat,Back to chat,العودة إلى المحادثة,Retour à la conversation,screens\Agents.tsx,,translated
Back to property,Back to property,العودة إلى العقار,Retour à l'établissement,screens\PublicListing.tsx,,translated
Balance,Balance,الرصيد,Solde,screens\FolioView.tsx; screens\RegistrationCard.tsx; screens\Today.tsx,,translated
Balance {cur},Balance {cur},الرصيد {cur},Solde {cur},screens\Billing.tsx,cur,translated
Balance due,Balance due,,,screens\configs.ts,,needs_translation
Banquet Hall,Banquet Hall,,,screens\configs.ts,,needs_translation
Banquets,Banquets,المآدب,,lib\apps.ts; screens\Banquet.tsx,,missing:fr
Bar,Bar,,,screens\configs.ts,,needs_translation
Base occ.,Base occ.,,,screens\configs.ts,,needs_translation
Base price / night,Base price / night,,,screens\configs.ts,,needs_translation
Base URL,Base URL,الرابط الأساسي,URL de base,screens\Settings.tsx,,translated
Bathroom Type,Bathroom Type,,,screens\configs.ts,,needs_translation
Bed type,Bed type,,,screens\configs.ts,,needs_translation
before GST,before GST,قبل الضريبة,hors taxe,screens\FolioView.tsx,,translated
Bench,Bench,Bench,,screens\SystemHealth.tsx,,missing:fr
Bill,Bill,فاتورة,Note,screens\POS.tsx,,translated
Bill to,Bill to,فوترة إلى,Facturer à,screens\FolioView.tsx,,translated
Billed orders,Billed orders,الطلبات المفوترة,Commandes facturées,screens\Laundry.tsx,,translated
Billing,Billing,الفوترة,Facturation,lib\apps.ts; screens\FolioView.tsx; screens\Laundry.tsx,,translated
Birthday,Birthday,,,screens\configs.ts,,needs_translation
Blank for a single day,Blank for a single day,اتركه فارغاً ليوم واحد,Laisser vide pour une seule journée,screens\Banquet.tsx,,translated
Block cutoff,Block cutoff,,,screens\configs.ts,,needs_translation
Board,Board,اللوحة,Tableau,screens\Laundry.tsx,,translated
Board Room,Board Room,,,screens\configs.ts,,needs_translation
Book,Book,احجز,Réserver,screens\CRS.tsx,,translated
Book {type},Book {type},احجز {type},Réserver {type},screens\CRS.tsx,type,translated
Book now,Book now,احجز الآن,Réserver maintenant,screens\PublicBooking.tsx,,translated
Book this listing,Book this listing,احجز هذه القائمة,Réserver cette annonce,screens\PublicBooking.tsx,,translated
"Book, check in and collect in one step","Book, check in and collect in one step",احجز وسجّل الوصول وحصّل الدفع بخطوة واحدة,"Réserver, enregistrer l'arrivée et encaisser en une seule étape",components\BookingDialog.tsx,,translated
Booked,Booked,محجوزة,Réservé,components\RoomChangeDialog.tsx,,translated
Booked · {ref},Booked · {ref},محجوز · {ref},Réservé · {ref},components\BookingDialog.tsx,ref,translated
Booked {ref} at {property}.,Booked {ref} at {property}.,تم الحجز {ref} في {property}.,{ref} réservé à {property}.,screens\CRS.tsx,ref property,translated
Booked by,Booked by,الحجز بواسطة,Réservé par,screens\RegistrationCard.tsx,,translated
Booked for these dates,Booked for these dates,محجوزة لهذه التواريخ,Réservé pour ces dates,components\RoomChangeDialog.tsx,,translated
Booking confirmed,Booking confirmed,تم تأكيد الحجز,Réservation confirmée,screens\PublicBooking.tsx; screens\PublicListing.tsx,,translated
Booking mode,Booking mode,نوع الحجز,Mode de réservation,components\BookingDialog.tsx; screens\Settings.tsx,,translated
Booking Payment Mode,Booking Payment Mode,طريقة دفع الحجز,Mode de paiement de la réservation,screens\Setup.tsx,,translated
Booking…,Booking…,جارٍ الحجز…,Réservation en cours…,components\BookingDialog.tsx; screens\PublicBooking.tsx; screens\PublicListing.tsx,,translated
Bookings,Bookings,الحجوزات,Réservations,screens\Guests.tsx,,translated
Boutique,Boutique,,,screens\Settings.tsx,,needs_translation
Breakfast + Dinner,Breakfast + Dinner,,,screens\Setup.tsx,,needs_translation
Breakfast Included,Breakfast Included,,,screens\Setup.tsx,,needs_translation
Browser full screen,Browser full screen,ملء شاشة المتصفح,Plein écran du navigateur,screens\Kitchen.tsx,,translated
Building number,Building number,,,screens\Settings.tsx,,needs_translation
Business date,Business date,تاريخ العمل,Date d'exploitation,screens\CashierTill.tsx,,translated
by {time},by {time},قبل {time},avant {time},screens\PublicBooking.tsx,time,translated
By company,By company,,,screens\RevenueReports.tsx,,needs_translation
by event date,by event date,حسب تاريخ المناسبة,par date d'événement,screens\Banquet.tsx,,translated
By event type,By event type,حسب نوع المناسبة,Par type d'événement,screens\Banquet.tsx,,translated
By hall,By hall,حسب القاعة,Par salle,screens\Banquet.tsx,,translated
By property,By property,حسب العقار,Par établissement,screens\Dashboard.tsx,,translated
By source,By source,,,screens\RevenueReports.tsx,,needs_translation
By status,By status,حسب الحالة,Par statut,screens\Banquet.tsx,,translated
By travel agent,By travel agent,,,screens\RevenueReports.tsx,,needs_translation
Calendar,Calendar,التقويم,Calendrier,lib\apps.ts,,translated
Call caretaker,Call caretaker,اتصل بالمشرف,Appeler le gardien,screens\PublicListing.tsx,,translated
"Call for directions, check-in help, or on-site questions.","Call for directions, check-in help, or on-site questions.",اتصل للاستفسار عن الطريق أو المساعدة في تسجيل الوصول أو أي سؤال في الموقع.,"Appelez pour l'itinéraire, l'aide à l'arrivée ou toute question sur place.",screens\PublicListing.tsx,,translated
Came from,Came from,جاء من,Provenance,screens\Banquet.tsx,,translated
Cancel,Cancel,إلغاء,Annuler,components\BookingDialog.tsx; components\CheckInDialog.tsx; components\DepositPanel.tsx; components\ResourceScreen.tsx; screens\Banquet.tsx; screens\CRS.tsx; screens\FolioView.tsx; screens\HkApp.tsx; screens\Laundry.tsx; screens\Marketplace.tsx; screens\POS.tsx; screens\Tickets.tsx,,translated
Cancel {invoice}? The number goes on the cancelled register and the folio reopens for correction.,Cancel {invoice}? The number goes on the cancelled register and the folio reopens for correction.,إلغاء {invoice}؟ يُسجَّل الرقم في سجل الملغى وتُفتح الفاتورة للتصحيح.,Annuler {invoice} ? Le numéro passe au registre des annulations et le folio se réouvre pour correction.,screens\FolioView.tsx,invoice,translated
Cancel invoice,Cancel invoice,إلغاء الفاتورة,Annuler la facture,screens\FolioView.tsx,,translated
Cancel laundry — room {room},Cancel laundry — room {room},إلغاء الغسيل — غرفة {room},Annuler la blanchisserie — chambre {room},screens\Laundry.tsx,room,translated
Cancel this order,Cancel this order,إلغاء هذا الطلب,Annuler cette commande,screens\Laundry.tsx,,translated
Cancel this stay…,Cancel this stay…,إلغاء هذه الإقامة…,Annuler ce séjour…,components\CancelPanel.tsx,,translated
Cancellation,Cancellation,الإلغاء,Annulation,screens\PublicBooking.tsx,,translated
Cancellation fee {amount} posted to the folio.,Cancellation fee {amount} posted to the folio.,تم ترحيل رسوم الإلغاء {amount} إلى الفاتورة.,Frais d'annulation de {amount} imputés au folio.,components\CancelPanel.tsx,amount,translated
Cancellation policy,Cancellation policy,,,screens\configs.ts,,needs_translation
Cancellations earlier than this are always free,Cancellations earlier than this are always free,,,screens\Settings.tsx,,needs_translation
Cancelled,Cancelled,ملغى,Annulé,screens\configs.ts,,translated
Cancelled - {n},Cancelled - {n},ملغى - {n},Annulés - {n},components\CancelPanel.tsx,n,translated
CANCELLED — STOP,CANCELLED — STOP,ملغى — توقف,ANNULÉ — STOP,screens\Kitchen.tsx,,translated
CANCELLED — STOP COOKING,CANCELLED — STOP COOKING,ملغى — أوقف الطبخ,ANNULÉ — ARRÊTER LA CUISSON,screens\Kitchen.tsx,,translated
Cancelled a booking,Cancelled a booking,ألغى حجزًا,A annulé une réservation,screens\Assistant.tsx,,translated
Cancelling…,Cancelling…,جارٍ الإلغاء…,Annulation…,components\CancelPanel.tsx,,translated
Capture,Capture,التقاط,Capturer,screens\RegistrationCard.tsx,,translated
"Capture the ID on the GRC - check-in is never blocked, but the register wants it before the night audit.","Capture the ID on the GRC - check-in is never blocked, but the register wants it before the night audit.",التقط الهوية على بطاقة التسجيل - لن يُحظر تسجيل الوصول، لكن السجل يطلبها قبل تدقيق الليل.,"Saisissez la pièce d'identité sur la fiche de police - l'arrivée n'est jamais bloquée, mais le registre l'exige avant l'audit de nuit.",components\CheckInDialog.tsx,,translated
Card,Card,بطاقة,Carte,screens\CashierTill.tsx,,translated
Card slip / transfer ref (optional),Card slip / transfer ref (optional),إيصال البطاقة / مرجع التحويل (اختياري),Ticket de carte / réf. de virement (facultatif),components\BookingDialog.tsx; components\DepositPanel.tsx,,translated
Carried to the guest folio - at check-in it counts against the bill.,Carried to the guest folio - at check-in it counts against the bill.,يُسجَّل في فاتورة النزيل - ويُحتسب من الفاتورة عند تسجيل الوصول.,"Reporté sur le folio du client - à l'arrivée, il est imputé sur la note.",components\DepositPanel.tsx,,translated
Cash collected,Cash collected,,,screens\configs.ts,,needs_translation
Cash drop,Cash drop,إيداع نقدي,Prélèvement d'espèces,screens\CashierTill.tsx,,translated
Cash in,Cash in,نقد داخل,Entrée d'espèces,screens\CashierTill.tsx,,translated
Cashier,Cashier,أمين الصندوق,Caisse,screens\CashierTill.tsx,,translated
Cashier PIN,Cashier PIN,رمز أمين الصندوق,Code PIN de caisse,components\PinPad.tsx,,translated
Cashier PIN required for money actions.,Cashier PIN required for money actions.,رمز أمين الصندوق مطلوب لإجراءات المال.,Code PIN de caisse requis pour les opérations d'argent.,screens\FolioView.tsx,,translated
Cashier shift report,Cashier shift report,تقرير وردية أمين الصندوق,Rapport de caisse,screens\Reports.tsx,,translated
Cashier till,Cashier till,صندوق أمين الصندوق,Caisse,screens\Billing.tsx,,translated
Cashier unlocked — money actions are open for 15 minutes.,Cashier unlocked — money actions are open for 15 minutes.,تم فتح أمين الصندوق — إجراءات المال مفتوحة لمدة 15 دقيقة.,Caisse déverrouillée — les opérations d'argent sont ouvertes pendant 15 minutes.,screens\FolioView.tsx,,translated
Category,Category,الفئة,Catégorie,screens\Settings.tsx; screens\Setup.tsx; screens\Tickets.tsx; screens\configs.ts,,translated
Ceiling price / night,Ceiling price / night,,,screens\configs.ts,,needs_translation
Central reservations,Central reservations,الحجوزات المركزية,Réservations centrales,screens\CRS.tsx,,translated
Central Reservations,Central Reservations,الحجوزات المركزية,Réservations centrales,lib\apps.ts,,translated
CGST,CGST,,,lib\thermal.ts; screens\FolioView.tsx,,needs_translation
CGST ({rate}%),CGST ({rate}%),CGST ({rate}%),,screens\POS.tsx,rate,missing:fr
Change,Change,تغيير,Modifier,screens\RegistrationCard.tsx,,translated
Change room,Change room,تغيير الغرفة,Changer de chambre,components\RoomChangeDialog.tsx; screens\RegistrationCard.tsx,,translated
CHANGEOVER CONFLICT,CHANGEOVER CONFLICT,تعارض تبديل الغرفة,CONFLIT DE ROTATION,screens\TapeChart.tsx,,translated
Channel,Channel,القناة,Canal,screens\Agents.tsx; screens\configs.ts,,translated
Channel Manager,Channel Manager,مدير القنوات,Channel manager,lib\apps.ts,,translated
Channels,Channels,القنوات,Canaux,lib\apps.ts,,translated
Channex,Channex,,,screens\configs.ts,,needs_translation
Charges,Charges,الرسوم,Prestations,screens\FolioView.tsx; screens\RegistrationCard.tsx,,translated
"Chat in the console, or connect Claude — it acts as you, with your role limits, on the same governed tools.","Chat in the console, or connect Claude — it acts as you, with your role limits, on the same governed tools.",حاوره من داخل النظام، أو اربط Claude — يعمل باسمك، ضمن حدود دورك، وعلى الأدوات المحكومة نفسها.,"Discutez depuis la console, ou connectez Claude — il agit en votre nom, dans les limites de votre rôle, sur les mêmes outils encadrés.",screens\Agents.tsx,,translated
Check availability,Check availability,تحقق من التوفر,Vérifier la disponibilité,screens\PublicBooking.tsx; screens\PublicListing.tsx,,translated
Check in,Check in,تسجيل الوصول,Enregistrer l'arrivée,components\BookingDialog.tsx; components\CheckInDialog.tsx; screens\Today.tsx,,translated
Check in {name},Check in {name},تسجيل وصول {name},Enregistrer l'arrivée de {name},components\CheckInDialog.tsx,name,translated
Check in & collect {amt},Check in & collect {amt},تسجيل الوصول وتحصيل {amt},Enregistrer l'arrivée et encaisser {amt},components\BookingDialog.tsx,amt,translated
Check in to {room},Check in to {room},تسجيل الوصول إلى {room},Enregistrer l'arrivée en chambre {room},components\CheckInDialog.tsx,room,translated
Check out,Check out,تسجيل المغادرة,Enregistrer le départ,screens\Today.tsx,,translated
Check the status of this ZIRI PMS site and whether a newer open-source release is available.,Check the status of this ZIRI PMS site and whether a newer open-source release is available.,تحقق من حالة موقع ZIRI PMS وما إذا كان هناك إصدار مفتوح المصدر أحدث.,Vérifiez l'état de ce site ZIRI PMS et si une version open source plus récente est disponible.,screens\SystemHealth.tsx,,translated
check-in,check-in,تسجيل الوصول,arrivée,components\CommandPalette.tsx,,translated
Check-in,Check-in,تسجيل الوصول,Arrivée,components\BookingDialog.tsx; screens\CRS.tsx; screens\PublicBooking.tsx; screens\PublicListing.tsx; screens\RegistrationCard.tsx; screens\TapeChart.tsx; screens\configs.ts,,translated
Check-in {in} · Check-out {out},Check-in {in} · Check-out {out},تسجيل الوصول {in} · تسجيل المغادرة {out},Arrivée {in} · Départ {out},screens\PublicBooking.tsx; screens\PublicListing.tsx,in out,translated
Check-in time,Check-in time,وقت تسجيل الوصول,Heure d'arrivée,screens\Settings.tsx,,translated
Check-in Time,Check-in Time,وقت تسجيل الوصول,Heure d'arrivée,screens\Setup.tsx,,translated
Check-out,Check-out,تسجيل المغادرة,Départ,components\BookingDialog.tsx; screens\PublicBooking.tsx; screens\PublicListing.tsx; screens\RegistrationCard.tsx; screens\TapeChart.tsx; screens\Today.tsx,,translated
Check-out time,Check-out time,وقت تسجيل المغادرة,Heure de départ,screens\Settings.tsx,,translated
Check-out Time,Check-out Time,وقت تسجيل المغادرة,Heure de départ,screens\Setup.tsx,,translated
Checked availability,Checked availability,تحقّق من التوفّر,A vérifié la disponibilité,screens\Assistant.tsx,,translated
Checked in,Checked in,سجّل الوصول,A enregistré l'arrivée,screens\Assistant.tsx; screens\TapeChart.tsx,,translated
Checked In,Checked In,تم تسجيل الوصول,Arrivé,screens\configs.ts,,translated
Checked in · Room {n},Checked in · Room {n},تم تسجيل الوصول · غرفة {n},Arrivé · chambre {n},components\BookingDialog.tsx,n,translated
Checked out,Checked out,سجّل المغادرة,A enregistré le départ,screens\Assistant.tsx,,translated
Checked Out,Checked Out,تم تسجيل المغادرة,Parti,screens\configs.ts,,translated
Checked today's desk,Checked today's desk,راجع مكتب اليوم,A consulté la réception du jour,screens\Assistant.tsx,,translated
Checked waitlist openings,Checked waitlist openings,راجع شواغر قائمة الانتظار,A vérifié les places en liste d'attente,screens\Assistant.tsx,,translated
Checking in…,Checking in…,جارٍ تسجيل الوصول…,Enregistrement…,components\BookingDialog.tsx; components\CheckInDialog.tsx,,translated
Checking price,Checking price,جارٍ التحقق من السعر,Vérification du tarif,components\RoomChangeDialog.tsx,,translated
Checking…,Checking…,جارٍ التحقق…,Vérification…,components\PinPad.tsx; screens\Banquet.tsx; screens\PublicListing.tsx; screens\Setup.tsx,,translated
Checkout Clean,Checkout Clean,تنظيف بعد المغادرة,Nettoyage à blanc,screens\configs.ts,,translated
Checks,Checks,الفحوصات,Vérifications,screens\SystemHealth.tsx,,translated
Child / night,Child / night,,,screens\configs.ts,,needs_translation
Children,Children,الأطفال,Enfants,components\BookingDialog.tsx; screens\CRS.tsx; screens\PublicBooking.tsx; screens\PublicListing.tsx,,translated
Children & Extra Beds,Children & Extra Beds,الأطفال والأسرّة الإضافية,Enfants et lits d'appoint,screens\PublicBooking.tsx,,translated
Children Policy:,Children Policy:,سياسة الأطفال:,Politique enfants :,screens\PublicCheckin.tsx; screens\PublicListing.tsx,,translated
Choose a listing,Choose a listing,اختر قائمة,Choisissez une annonce,screens\PublicListing.tsx,,translated
Choose a wilaya first,Choose a wilaya first,اختر الولاية أولا,Choisissez d'abord une wilaya,screens\Setup.tsx,,translated
Choose which columns this table shows,Choose which columns this table shows,اختر الأعمدة المعروضة في هذا الجدول,Choisissez les colonnes affichées dans ce tableau,components\ResourceScreen.tsx,,translated
Choose…,Choose…,اختر…,Choisir…,components\CheckInDialog.tsx,,translated
City,City,المدينة,Ville,screens\PublicCheckin.tsx; screens\Settings.tsx; screens\Setup.tsx,,translated
Claude acts as you at {hotel}: your role decides what it can see and do. A front-desk connection books and checks in; it cannot touch rates or finance. Every action lands in Activity under your name.,Claude acts as you at {hotel}: your role decides what it can see and do. A front-desk connection books and checks in; it cannot touch rates or finance. Every action lands in Activity under your name.,يعمل Claude باسمك في {hotel}: دورك هو ما يُحدّد ما يراه وما يفعله. فاتّصال موظّف استقبال يحجز ويُسجّل الوصول، ولا يمسّ الأسعار ولا المالية. وكل إجراء يُسجَّل في النشاط باسمك.,Claude agit en votre nom à {hotel} : votre rôle détermine ce qu'il peut voir et faire. Une connexion réception réserve et enregistre les arrivées ; elle ne touche ni aux tarifs ni aux finances. Chaque action est journalisée dans Activité à votre nom.,screens\Agents.tsx,hotel,translated
"Claude is authorised for this property. Enable the connector in a chat with the + menu, then talk in hotel language.","Claude is authorised for this property. Enable the connector in a chat with the + menu, then talk in hotel language.",Claude مُصرَّح له في هذا العقار. فعّل الموصل من قائمة + داخل محادثة، ثم تحدّث بلغة الفندق.,"Claude est autorisé pour cet établissement. Activez le connecteur via le menu + dans une conversation, puis parlez en langage hôtelier.",screens\Agents.tsx,,translated
"Claude opens with this hotel's MCP URL filled in. Confirm Add, sign in here if asked, pick the property, Allow. Then in Claude enable the connector on the chat + menu and say things like “occupancy this week” or “book a Deluxe for Friday”.","Claude opens with this hotel's MCP URL filled in. Confirm Add, sign in here if asked, pick the property, Allow. Then in Claude enable the connector on the chat + menu and say things like “occupancy this week” or “book a Deluxe for Friday”.",يفتح Claude ورابط MCP لهذا الفندق مملوء مسبقًا. أكّد الإضافة، وسجّل الدخول هنا إن طُلب منك، واختر العقار، ثم اسمح. وبعدها فعّل الموصل من قائمة + في Claude وقل مثلًا «نسبة الإشغال هذا الأسبوع» أو «احجز غرفة ديلوكس ليوم الجمعة».,"Claude s'ouvre avec l'URL MCP de cet hôtel déjà renseignée. Confirmez l'ajout, connectez-vous ici si demandé, choisissez l'établissement, puis Autoriser. Ensuite, dans Claude, activez le connecteur via le menu + et dites par exemple « taux d'occupation cette semaine » ou « réserve une Deluxe pour vendredi ».",screens\Agents.tsx,,translated
"Claude reaches this hotel from Anthropic's cloud, so the site needs public HTTPS. This origin looks local — use Claude Code over HTTP on this machine, or the stdio sidecar, until you have a public URL.","Claude reaches this hotel from Anthropic's cloud, so the site needs public HTTPS. This origin looks local — use Claude Code over HTTP on this machine, or the stdio sidecar, until you have a public URL.",يصل Claude إلى هذا الفندق من سحابة Anthropic، فيلزم الموقعَ HTTPS عامّ. وهذا العنوان يبدو محلّيًّا — استخدم Claude Code عبر HTTP على هذا الجهاز، أو الوسيط stdio، حتى يصير لديك رابط عامّ.,"Claude atteint cet hôtel depuis le cloud d'Anthropic : le site doit donc être en HTTPS public. Cette origine semble locale — utilisez Claude Code en HTTP sur cette machine, ou le connecteur stdio, en attendant une URL publique.",screens\Agents.tsx,,translated
Clean,Clean,نظيفة,Propre,screens\Dashboard.tsx; screens\Today.tsx; screens\configs.ts,,translated
Cleaning,Cleaning,تنظيف,Nettoyage en cours,screens\POS.tsx,,translated
Cleaning fee,Cleaning fee,رسوم التنظيف,Frais de ménage,screens\PublicBooking.tsx; screens\PublicListing.tsx; screens\Settings.tsx,,translated
Cleaning fee {amount} is included in the total.,Cleaning fee {amount} is included in the total.,رسوم التنظيف {amount} مشمولة في الإجمالي.,Les frais de ménage de {amount} sont inclus dans le total.,screens\PublicBooking.tsx,amount,translated
Cleaning fee taxable,Cleaning fee taxable,,,screens\Settings.tsx,,needs_translation
Clear,Clear,مسح,Effacer,components\ResourceScreen.tsx; screens\FolioView.tsx,,translated
Clear all,Clear all,مسح الكل,Tout effacer,screens\POS.tsx,,translated
Click a bar to move rooms or change dates.,Click a bar to move rooms or change dates.,انقر شريطاً لنقل الغرف أو تغيير التواريخ.,Cliquez sur une barre pour changer de chambre ou modifier les dates.,screens\TapeChart.tsx,,translated
"Click a folio to post charges, settle and print the GST invoice","Click a folio to post charges, settle and print the GST invoice",انقر فاتورة لترحيل الرسوم والتسوية وطباعة الفاتورة الضريبية,"Cliquez sur un folio pour imputer des prestations, régler et imprimer la facture fiscale",screens\Billing.tsx,,translated
Click a room to advance its housekeeping status,Click a room to advance its housekeeping status,انقر غرفة لتقديم حالة التدبير المنزلي,Cliquez sur une chambre pour faire avancer son statut ménage,screens\Today.tsx,,translated
Close,Close,إغلاق,Fermer,components\BookingDialog.tsx; components\PinPad.tsx; components\RoomChangeDialog.tsx; components\ui\sheet.tsx; screens\POS.tsx; screens\TapeChart.tsx,,translated
Close & generate invoice,Close & generate invoice,إغلاق وإنشاء فاتورة,Clôturer et générer la facture,screens\FolioView.tsx,,translated
Close complimentary bill,Close complimentary bill,إغلاق الفاتورة المجانية,Clôturer la note en gratuité,screens\POS.tsx,,translated
Close session,Close session,إغلاق الجلسة,Clôturer la session,screens\CashierTill.tsx,,translated
Close till,Close till,إغلاق الصندوق,Clôturer la caisse,screens\CashierTill.tsx,,translated
Closed,Closed,مغلق,Clôturé,screens\configs.ts,,translated
Closing cash,Closing cash,,,screens\configs.ts,,needs_translation
Cloudbeds export,Cloudbeds export,تصدير Cloudbeds,Export Cloudbeds,screens\Setup.tsx,,translated
Code,Code,الرمز,,screens\configs.ts,,missing:fr
Code (e.g. DLX),Code (e.g. DLX),,,screens\configs.ts,,needs_translation
Code (prints on the event order),Code (prints on the event order),,,screens\configs.ts,,needs_translation
Collect {n} piece{s} · {total},Collect {n} piece{s} · {total},تحصيل {n} قطعة{s} · {total},Collecter {n} pièce{s} · {total},screens\Laundry.tsx,n s total,translated
Collect & count,Collect & count,تحصيل وعدّ,Collecter et compter,screens\Laundry.tsx,,translated
Collect now,Collect now,تحصيل الآن,Encaisser maintenant,screens\Laundry.tsx,,translated
Collected,Collected,تم التحصيل,Collecté,screens\Dashboard.tsx,,translated
collected {n},collected {n},تم تحصيل {n},collecté {n},screens\Laundry.tsx,n,translated
Collected today,Collected today,تم التحصيل اليوم,Collecté aujourd'hui,screens\Dashboard.tsx,,translated
Collections,Collections,التحصيلات,Encaissements,screens\Dashboard.tsx; screens\Reports.tsx,,translated
Columns,Columns,الأعمدة,Colonnes,components\ResourceScreen.tsx,,translated
Come back here and ask a question.,Come back here and ask a question.,ثم عُد إلى هنا واطرح سؤالًا.,Revenez ici et posez une question.,screens\Assistant.tsx,,translated
Commercial Registration (CRN),Commercial Registration (CRN),,,screens\Settings.tsx,,needs_translation
Commission %,Commission %,,,screens\configs.ts,,needs_translation
Common,Common,,,screens\configs.ts,,needs_translation
Commune,Commune,البلدية,Commune,screens\Setup.tsx,,translated
comp,comp,مجاني,gratuité,screens\Laundry.tsx,,translated
Companies,Companies,الشركات,Sociétés,lib\apps.ts,,translated
Company,Company,الشركة,Société,screens\Banquet.tsx; screens\RegistrationCard.tsx; screens\configs.ts,,translated
Company name,Company name,,,screens\configs.ts,,needs_translation
"Company, add-ons & arrival details","Company, add-ons & arrival details",الشركة والإضافات وتفاصيل الوصول,"Société, extras et détails d'arrivée",components\BookingDialog.tsx,,translated
Complete your booking,Complete your booking,أكمل حجزك,Finalisez votre réservation,screens\PublicBooking.tsx; screens\PublicListing.tsx,,translated
Completed,Completed,مكتمل,Terminé,screens\configs.ts,,translated
Complimentary,Complimentary,مجاني,Gratuité,screens\POS.tsx,,translated
COMPLIMENTARY,COMPLIMENTARY,مجاني,GRATUITÉ,screens\POS.tsx,,translated
Complimentary — don't bill the guest,Complimentary — don't bill the guest,مجاني — لا تفوتر الضيف,Gratuité — ne pas facturer le client,screens\Laundry.tsx,,translated
Concierge,Concierge,الاستقبال الذكي,,components\CommandPalette.tsx,,missing:fr
Conference,Conference,,,screens\configs.ts,,needs_translation
Conference Hall,Conference Hall,,,screens\configs.ts,,needs_translation
Configure table columns,Configure table columns,تكوين أعمدة الجدول,Configurer les colonnes du tableau,components\ResourceScreen.tsx,,translated
Confirm,Confirm,تأكيد,Confirmer,components\PinPad.tsx,,translated
Confirm & pay,Confirm & pay,أكّد وادفع,Confirmer et payer,screens\PublicBooking.tsx; screens\PublicListing.tsx,,translated
Confirm booking,Confirm booking,تأكيد الحجز,Confirmer la réservation,components\BookingDialog.tsx; screens\CRS.tsx,,translated
Confirm cancel,Confirm cancel,تأكيد الإلغاء,Confirmer l'annulation,screens\FolioView.tsx,,translated
Confirm cancellation,Confirm cancellation,تأكيد الإلغاء,Confirmer l'annulation,components\CancelPanel.tsx,,translated
Confirm void,Confirm void,تأكيد الإبطال,Confirmer l'annulation de la ligne,screens\FolioView.tsx,,translated
confirmed,confirmed,مؤكد,confirmé,screens\Banquet.tsx,,translated
Confirmed,Confirmed,مؤكد,Confirmé,screens\TapeChart.tsx; screens\configs.ts,,translated
Confirmed but unpaid,Confirmed but unpaid,مؤكد لكن غير مدفوع,Confirmé mais non réglé,screens\Banquet.tsx,,translated
"Confirmed, 6 months","Confirmed, 6 months",مؤكد، 6 أشهر,"Confirmé, 6 mois",screens\Banquet.tsx,,translated
Connect,Connect,اتصال,Connecter,screens\Marketplace.tsx,,translated
Connect a number,Connect a number,ربط رقم,Connecter un numéro,screens\WhatsAppChat.tsx,,translated
Connect Claude,Connect Claude,اربط Claude,Connecter Claude,screens\Agents.tsx,,translated
"Connect Claude is turned off on this site. On your own ZIRI PMS, every staff member can connect Claude and act within their role.","Connect Claude is turned off on this site. On your own ZIRI PMS, every staff member can connect Claude and act within their role.",ربط Claude مُعطَّل على هذا الموقع. وعلى نسخة ZIRI PMS الخاصة بك يستطيع كل موظّف ربط Claude والعمل ضمن حدود دوره.,"La connexion Claude est désactivée sur ce site. Sur votre propre ZIRI PMS, chaque membre du personnel peut connecter Claude et agir dans les limites de son rôle.",screens\Agents.tsx,,translated
Connect your AI,Connect your AI,اربط ذكاءك الاصطناعي,Connecter votre IA,screens\Agents.tsx,,translated
"Connect your WhatsApp Business number under Channels and messages will start flowing: booking confirmations and check-in links go out on their own, and anything guests write appears here.","Connect your WhatsApp Business number under Channels and messages will start flowing: booking confirmations and check-in links go out on their own, and anything guests write appears here.",اربط رقم واتساب للأعمال تحت القنوات وستبدأ الرسائل بالتدفق: تأكيدات الحجز وروابط تسجيل الوصول تُرسل تلقائياً، وما يكتبه الضيوف يظهر هنا.,"Connectez votre numéro WhatsApp Business dans Canaux et les messages commenceront à circuler : les confirmations de réservation et les liens d'arrivée partent tout seuls, et tout ce que les clients écrivent apparaît ici.",screens\WhatsAppChat.tsx,,translated
Connected ({ms} ms) — {reply},Connected ({ms} ms) — {reply},متصل ({ms} مللي ثانية) — {reply},Connecté ({ms} ms) — {reply},screens\Settings.tsx,ms reply,translated
Connected. Paste these into HeyKoala:,Connected. Paste these into HeyKoala:,متصل. الصق هذه في HeyKoala:,Connecté. Collez ceci dans HeyKoala :,screens\Marketplace.tsx,,translated
Connecting...,Connecting...,جارٍ الاتصال...,Connexion...,screens\Marketplace.tsx,,translated
Connection,Connection,,,screens\configs.ts,,needs_translation
Connection lost — reconnecting…,Connection lost — reconnecting…,فُقد الاتصال — جارٍ إعادة الاتصال…,Connexion perdue — reconnexion…,components\ConnectionBanner.tsx,,translated
Contact,Contact,,,screens\configs.ts,,needs_translation
Contact email,Contact email,,,screens\configs.ts,,needs_translation
Contact name,Contact name,,,screens\configs.ts,,needs_translation
Contact phone,Contact phone,,,screens\configs.ts,,needs_translation
Continue,Continue,متابعة,Continuer,screens\Setup.tsx,,translated
Conversion,Conversion,التحويل,,screens\Banquet.tsx,,missing:fr
COOKING,COOKING,قيد الطبخ,EN CUISSON,screens\Kitchen.tsx,,translated
Coordinated by {brand},Coordinated by {brand},بإشراف {brand},Coordonné par {brand},screens\PublicListing.tsx,brand,translated
Copied,Copied,تم النسخ,Copié,components\DepositPanel.tsx,,translated
Copy,Copy,نسخ,Copier,screens\Marketplace.tsx,,translated
copy check-in link,copy check-in link,نسخ رابط تسجيل الوصول,copier le lien d'enregistrement,screens\Today.tsx,,translated
Copy message,Copy message,نسخ الرسالة,Copier le message,components\DepositPanel.tsx,,translated
"Copy the self check-in link - send to the booker, {name}{phone}","Copy the self check-in link - send to the booker, {name}{phone}",انسخ رابط التسجيل الذاتي - أرسله للحاجز، {name}{phone},"Copier le lien d'enregistrement en ligne - à envoyer au réservant, {name}{phone}",screens\Today.tsx,name phone,translated
Copy the self check-in link - send to the guest,Copy the self check-in link - send to the guest,انسخ رابط التسجيل الذاتي - أرسله للضيف,Copier le lien d'enregistrement en ligne - à envoyer au client,screens\Today.tsx,,translated
Copy the self check-in link - send to the guest and the booker ({name}),Copy the self check-in link - send to the guest and the booker ({name}),انسخ رابط التسجيل الذاتي - أرسله للضيف والحاجز ({name}),Copier le lien d'enregistrement en ligne - à envoyer au client et au réservant ({name}),screens\Today.tsx,name,translated
Corporate,Corporate,شركات,Entreprise,screens\TapeChart.tsx,,translated
Corporate Desk,Corporate Desk,,,screens\configs.ts,,needs_translation
Corporate Offsite,Corporate Offsite,,,screens\configs.ts,,needs_translation
"Cottage 1, Cottage 2","Cottage 1, Cottage 2",كوخ 1، كوخ 2,"Bungalow 1, Bungalow 2",screens\Setup.tsx,,translated
Couldn't check that code.,Couldn't check that code.,تعذّر التحقق من هذا الرمز.,Impossible de vérifier ce code.,screens\PublicBooking.tsx,,translated
Couldn't open that conversation.,Couldn't open that conversation.,تعذّر فتح تلك المحادثة.,Impossible d'ouvrir cette conversation.,screens\Assistant.tsx,,translated
Couldn't save - please check the details and try again.,Couldn't save - please check the details and try again.,تعذّر الحفظ - يرجى التحقق من البيانات والمحاولة مرة أخرى.,Enregistrement impossible - vérifiez les informations et réessayez.,screens\PublicCheckin.tsx,,translated
Count the bag,Count the bag,عدّ الحقيبة,Compter le sac,screens\Laundry.tsx,,translated
Counted cash (expected {amount}),Counted cash (expected {amount}),النقد المحسوب (المتوقع {amount}),Espèces comptées (attendu {amount}),screens\CashierTill.tsx,amount,translated
Country,Country,الدولة,Pays,screens\Settings.tsx,,translated
Country *,Country *,الدولة *,Pays *,screens\Setup.tsx,,translated
Country name *,Country name *,اسم الدولة *,Nom du pays *,screens\Setup.tsx,,translated
CP,CP,,,screens\configs.ts,,needs_translation
Create link for {amt},Create link for {amt},إنشاء رابط بقيمة {amt},Créer un lien pour {amt},components\DepositPanel.tsx,amt,translated
Create property,Create property,إنشاء عقار,Créer l'établissement,screens\Setup.tsx,,translated
Create ticket,Create ticket,إنشاء تذكرة,Créer un ticket,screens\Tickets.tsx,,translated
Created a booking,Created a booking,أنشأ حجزًا,A créé une réservation,screens\Assistant.tsx,,translated
"Creating sets this as your active property. Rates, seasons, vouchers and guardrails can be added later from Revenue.","Creating sets this as your active property. Rates, seasons, vouchers and guardrails can be added later from Revenue.",الإنشاء يجعل هذا عقارك النشط. يمكن إضافة الأسعار والمواسم والقسائم والحدود لاحقاً من الإيرادات.,"La création en fait votre établissement actif. Tarifs, saisons, bons et garde-fous peuvent être ajoutés plus tard depuis Revenus.",screens\Setup.tsx,,translated
Creating…,Creating…,جارٍ الإنشاء…,Création…,components\DepositPanel.tsx; screens\Setup.tsx,,translated
Credit,Credit,,,screens\configs.ts,,needs_translation
Credit allowed (city ledger),Credit allowed (city ledger),,,screens\configs.ts,,needs_translation
Credit note,Credit note,إشعار دائن,Avoir,screens\FolioView.tsx,,translated
Credit note amount,Credit note amount,مبلغ إشعار الدائن,Montant de l'avoir,screens\FolioView.tsx,,translated
Currency,Currency,,,screens\Settings.tsx,,needs_translation
Currency code *,Currency code *,رمز العملة *,Code devise *,screens\Setup.tsx,,translated
Currency Desk,Currency Desk,مكتب العملات,Bureau de change,lib\apps.ts,,translated
Custom,Custom,,,screens\configs.ts,,needs_translation
Customer,Customer,العميل,Client,screens\Banquet.tsx; screens\configs.ts,,translated
Customer email,Customer email,,,screens\configs.ts,,needs_translation
Customer name,Customer name,اسم العميل,Nom du client,screens\Banquet.tsx; screens\configs.ts,,translated
Customer phone,Customer phone,,,screens\configs.ts,,needs_translation
"Customer, company, hall…","Customer, company, hall…",عميل، شركة، قاعة…,"Client, société, salle…",screens\Banquet.tsx,,translated
Cutoff,Cutoff,,,screens\configs.ts,,needs_translation
Cycle open bills,Cycle open bills,تصفح الفواتير المفتوحة,Parcourir les notes ouvertes,screens\POS.tsx,,translated
Damaged,Damaged,,,screens\configs.ts,,needs_translation
Dark,Dark,داكن,Sombre,screens\Settings.tsx,,translated
Dashboard,Dashboard,لوحة التحكم,Tableau de bord,lib\apps.ts; screens\Dashboard.tsx,,translated
Date,Date,التاريخ,,screens\Banquet.tsx; screens\FolioView.tsx; screens\Reports.tsx; screens\configs.ts,,missing:fr
Date changes re-price automatically (unless the booking holds a manual amount) and the double-booking guard re-checks the room.,Date changes re-price automatically (unless the booking holds a manual amount) and the double-booking guard re-checks the room.,تغييرات التاريخ تعيد التسعير تلقائياً (ما لم يكن للحجز مبلغ يدوي) ويعيد حارس الحجز المزدوج فحص الغرفة.,Un changement de dates entraîne une nouvelle tarification automatique (sauf si la réservation porte un montant manuel) et le contrôle anti-double-réservation revérifie la chambre.,screens\TapeChart.tsx,,translated
dates read as {format},dates read as {format},تُقرأ التواريخ كـ {format},dates interprétées comme {format},screens\Setup.tsx,format,translated
Day rental,Day rental,,,screens\configs.ts,,needs_translation
Day-use hours,Day-use hours,ساعات الاستخدام اليومي,Heures en day-use,screens\TapeChart.tsx,,translated
Days,Days,الأيام,Jours,screens\TapeChart.tsx; screens\configs.ts,,translated
"Days of week (e.g. fri, sat)","Days of week (e.g. fri, sat)",,,screens\configs.ts,,needs_translation
Days to push,Days to push,,,screens\configs.ts,,needs_translation
Decline,Decline,رفض,Refuser,screens\HkApp.tsx,,translated
Deep Clean,Deep Clean,تنظيف عميق,Nettoyage approfondi,screens\configs.ts,,translated
Default,Default,افتراضي,Par défaut,screens\configs.ts,,translated
Default plan,Default plan,,,screens\configs.ts,,needs_translation
Delete,Delete,حذف,Supprimer,components\ResourceScreen.tsx; screens\Laundry.tsx,,translated
Delete conversation,Delete conversation,حذف المحادثة,Supprimer la conversation,screens\Assistant.tsx,,translated
Delete empty {label} folio,Delete empty {label} folio,حذف فاتورة {label} الفارغة,Supprimer le folio {label} vide,screens\FolioView.tsx,label,translated
Delete this empty folio,Delete this empty folio,حذف هذه الفاتورة الفارغة,Supprimer ce folio vide,screens\FolioView.tsx,,translated
Deliver & bill {total}{short},Deliver & bill {total}{short},تسليم وفاتورة {total}{short},Livrer et facturer {total}{short},screens\Laundry.tsx,total short,translated
Delivered today,Delivered today,تم التسليم اليوم,Livré aujourd'hui,screens\Laundry.tsx,,translated
Demo accounts - one tap to try each role,Demo accounts - one tap to try each role,حسابات تجريبية - اضغط مرة لتجربة كل دور,Comptes de démonstration - un clic pour essayer chaque rôle,screens\Login.tsx,,translated
Dep,Dep,مغادرة,Dép.,screens\Dashboard.tsx,,translated
Depart,Depart,,,screens\configs.ts,,needs_translation
Departure,Departure,,,screens\configs.ts,,needs_translation
Departures,Departures,المغادرة,Départs,screens\Reports.tsx; screens\Today.tsx,,translated
Deposit,Deposit,عربون,Acompte,components\DepositPanel.tsx,,translated
Deposit expected at booking (%),Deposit expected at booking (%),,,screens\Settings.tsx,,needs_translation
Deposit held,Deposit held,التأمين المحتجز,Caution détenue,screens\RegistrationCard.tsx,,translated
Description,Description,الوصف,,screens\FolioView.tsx; screens\Settings.tsx; screens\configs.ts,,missing:fr
Detach profile,Detach profile,فصل الملف,Détacher le profil,components\BookingDialog.tsx,,translated
Details,Details,التفاصيل,Détails,screens\Tickets.tsx,,translated
Developers,Developers,المطورون,Développeurs,lib\apps.ts,,translated
Diary,Diary,اليومية,Agenda,screens\Banquet.tsx,,translated
Dirty,Dirty,متسخة,Sale,screens\Dashboard.tsx; screens\Today.tsx; screens\configs.ts,,translated
Disabled,Disabled,معطّل,Désactivé,screens\configs.ts,,translated
Disconnect,Disconnect,قطع الاتصال,Déconnecter,screens\Marketplace.tsx,,translated
Discount,Discount,خصم,Remise,screens\POS.tsx,,translated
Dismiss,Dismiss,إغلاق,Ignorer,screens\POS.tsx,,translated
Displayed rates include GST,Displayed rates include GST,,,screens\Settings.tsx,,needs_translation
Disposed,Disposed,,,screens\configs.ts,,needs_translation
District,District,,,screens\Settings.tsx,,needs_translation
Docker (self-host),Docker (self-host),Docker (استضافة ذاتية),Docker (auto-hébergement),screens\SystemHealth.tsx,,translated
Docket,Docket,إيصال,Bon,screens\Laundry.tsx,,translated
Documents,Documents,المستندات,,screens\RegistrationCard.tsx; screens\banquet\Steps.tsx,,missing:fr
Done,Done,تم,Terminé,components\BookingDialog.tsx; components\ResourceScreen.tsx; screens\HkApp.tsx; screens\Marketplace.tsx; screens\PublicBooking.tsx; screens\PublicListing.tsx; screens\configs.ts,,translated
Done ✓,Done ✓,تم ✓,Terminé ✓,screens\HkApp.tsx,,translated
Double,Double,,,screens\configs.ts,,needs_translation
Download the current view as CSV (Excel-ready),Download the current view as CSV (Excel-ready),تنزيل العرض الحالي كملف CSV (جاهز لإكسل),Télécharger la vue actuelle en CSV (prêt pour Excel),components\ResourceScreen.tsx,,translated
Driving Directions,Driving Directions,إرشادات الوصول بالسيارة,Itinéraire en voiture,screens\PublicBooking.tsx,,translated
Drop to safe,Drop to safe,إيداع في الخزنة,Verser au coffre,screens\CashierTill.tsx,,translated
Drops,Drops,الإيداعات,Versements,screens\CashierTill.tsx,,translated
due,due,مستحق,dû,screens\Banquet.tsx; screens\Tickets.tsx; screens\Today.tsx,,translated
Due,Due,مستحق,Dû,screens\Banquet.tsx; screens\Today.tsx,,translated
Due out,Due out,مغادرة اليوم,Départ prévu,screens\HousekeepingBoard.tsx,,translated
E-invoice QR code,E-invoice QR code,رمز الفاتورة الإلكترونية,QR code de la facture électronique,screens\FolioView.tsx,,translated
e.g. 14:30,e.g. 14:30,مثال: 14:30,par ex. 14:30,screens\PublicCheckin.tsx,,translated
"e.g. 2 cola, 1 water","e.g. 2 cola, 1 water",مثال: 2 كولا، 1 ماء,"par ex. 2 colas, 1 eau",screens\HkApp.tsx,,translated
e.g. 3 shirts pressed,e.g. 3 shirts pressed,مثال: 3 قمصان مكوية,par ex. 3 chemises repassées,screens\HkApp.tsx,,translated
Each unit / room sells on its own (hotel-style inventory).,Each unit / room sells on its own (hotel-style inventory).,كل وحدة / غرفة تُباع بمفردها (مخزون بأسلوب الفندق).,Chaque unité / chambre se vend séparément (inventaire de type hôtel).,screens\Setup.tsx,,translated
Edit,Edit,تعديل,Modifier,screens\Laundry.tsx,,translated
EGS serial (Phase 2),EGS serial (Phase 2),,,screens\Settings.tsx,,needs_translation
elapsed,elapsed,منقضي,écoulé,screens\Kitchen.tsx,,translated
Email,Email,البريد الإلكتروني,E-mail,components\CheckInDialog.tsx; screens\Banquet.tsx; screens\PublicCheckin.tsx; screens\RegistrationCard.tsx; screens\Settings.tsx,,translated
Email (optional),Email (optional),البريد الإلكتروني (اختياري),E-mail (facultatif),screens\PublicBooking.tsx; screens\PublicListing.tsx,,translated
"email or phone guests use for access, correction or erasure requests; shown on booking and check-in pages","email or phone guests use for access, correction or erasure requests; shown on booking and check-in pages",,,screens\Settings.tsx,,needs_translation
Email or username,Email or username,البريد الإلكتروني أو اسم المستخدم,E-mail ou nom d'utilisateur,screens\Login.tsx,,translated
Enabled,Enabled,مفعّل,Activé,screens\Settings.tsx,,translated
End date (inclusive),End date (inclusive),,,screens\configs.ts,,needs_translation
Ends,Ends,ينتهي,Fin,screens\Banquet.tsx,,translated
Ends (multi-day only),Ends (multi-day only),,,screens\configs.ts,,needs_translation
Engagement,Engagement,,,screens\configs.ts,,needs_translation
Enquiries and tentative holds,Enquiries and tentative holds,الاستفسارات والحجوزات المؤقتة,Demandes et options provisoires,screens\Banquet.tsx,,translated
Enquiry,Enquiry,استفسار,Demande,screens\banquet\Steps.tsx; screens\configs.ts,,translated
"Enter 1–99%, or a {cur} amount under the line's {cur}{amount} (before GST).","Enter 1–99%, or a {cur} amount under the line's {cur}{amount} (before GST).",أدخل 1–99٪، أو مبلغاً بـ {cur} أقل من {cur}{amount} للبند (قبل الضريبة).,"Saisissez 1–99 %, ou un montant en {cur} inférieur aux {cur}{amount} de la ligne (hors taxe).",screens\FolioView.tsx,cur amount,translated
Enter your PIN to continue,Enter your PIN to continue,أدخل رمزك للمتابعة,Saisissez votre code PIN pour continuer,components\PinPad.tsx,,translated
Entire place,Entire place,المكان بالكامل,Logement entier,screens\Setup.tsx,,translated
Entire place or a few units. No meal plans; overbooking off by default.,Entire place or a few units. No meal plans; overbooking off by default.,المكان بالكامل أو بضع وحدات. بدون خطط وجبات؛ الحجز الزائد معطّل افتراضياً.,Logement entier ou quelques unités. Pas d'arrangements ; surréservation désactivée par défaut.,screens\Setup.tsx,,translated
Entire villa,Entire villa,الفيلا بالكامل,Villa entière,screens\Setup.tsx,,translated
Environment (Phase 2),Environment (Phase 2),,,screens\Settings.tsx,,needs_translation
EP,EP,,,screens\configs.ts,,needs_translation
Erase guest data after (months),Erase guest data after (months),,,screens\Settings.tsx,,needs_translation
ERPNext,ERPNext,,,screens\AccountingExport.tsx,,needs_translation
Europe/London,Europe/London,,,screens\Settings.tsx,,needs_translation
Europe/Paris,Europe/Paris,,,screens\Settings.tsx,,needs_translation
Evening,Evening,,,screens\configs.ts,,needs_translation
Event date,Event date,,,screens\configs.ts,,needs_translation
Event name,Event name,,,screens\configs.ts,,needs_translation
Event type,Event type,نوع المناسبة,Type d'événement,screens\Banquet.tsx; screens\configs.ts,,translated
Every action is audit-logged. This chat lives on your device and clears when you close or clear it.,Every action is audit-logged. This chat lives on your device and clears when you close or clear it.,كل إجراء يُسجَّل في سجلّ التدقيق. هذه المحادثة محفوظة على جهازك وتُمحى عند إغلاقها أو مسحها.,Chaque action est journalisée. Cette conversation reste sur votre appareil et disparaît à la fermeture ou à l'effacement.,components\AssistantPanel.tsx,,translated
Every action is recorded in the Activity Log.,Every action is recorded in the Activity Log.,يُسجَّل كل إجراء في سجل النشاط.,Chaque action est consignée dans le journal d'activité.,components\CommandPalette.tsx,,translated
"Every action on the property, newest first - who did it and what changed.","Every action on the property, newest first - who did it and what changed.",كل إجراء في العقار، الأحدث أولًا — من نفّذه وما الذي تغيّر.,"Chaque action sur l'établissement, la plus récente en premier — qui l'a faite et ce qui a changé.",screens\Agents.tsx,,translated
"Every app included, plus the AI, channels, payments, accounting and country packs you can plug in.","Every app included, plus the AI, channels, payments, accounting and country packs you can plug in.",كل التطبيقات مشمولة، بالإضافة إلى الذكاء الاصطناعي والقنوات والمدفوعات والمحاسبة وحزم الدول التي يمكنك توصيلها.,"Toutes les applications incluses, plus l'IA, les canaux, les paiements, la comptabilité et les packs pays que vous pouvez brancher.",screens\Marketplace.tsx,,translated
Every arrival for this day already has a room.,Every arrival for this day already has a room.,كل وصول لهذا اليوم لديه غرفة بالفعل.,Toutes les arrivées du jour ont déjà une chambre.,screens\TapeChart.tsx,,translated
"Every guest, their stays and lifetime value. Click for the full journey.","Every guest, their stays and lifetime value. Click for the full journey.",كل ضيف وإقاماته وقيمته مدى الحياة. انقر للرحلة الكاملة.,"Chaque client, ses séjours et sa valeur cumulée. Cliquez pour le parcours complet.",screens\Guests.tsx,,translated
Every room at a glance. Tap a room to set its status.,Every room at a glance. Tap a room to set its status.,كل الغرف في لمحة. اضغط على غرفة لتغيير حالتها.,Toutes les chambres d'un coup d'œil. Touchez une chambre pour définir son statut.,screens\HousekeepingBoard.tsx,,translated
Every room at a glance. You can mark rooms Clean or Dirty.,Every room at a glance. You can mark rooms Clean or Dirty.,كل الغرف في لمحة. يمكنك تعليم الغرف نظيفة أو متسخة.,Toutes les chambres d'un coup d'œil. Vous pouvez marquer les chambres Propre ou Sale.,screens\HousekeepingBoard.tsx,,translated
Everyone,Everyone,الجميع,Tout le monde,screens\Agents.tsx,,translated
Everything came back,Everything came back,عاد كل شيء,Tout est revenu,screens\Laundry.tsx,,translated
"Everything ZIRI PMS does, one room at a time. Pick where you want to work.","Everything ZIRI PMS does, one room at a time. Pick where you want to work.",كل ما يفعله ZIRI PMS، غرفة بغرفة. اختر أين تريد العمل.,"Tout ce que fait ZIRI PMS, module par module. Choisissez où vous voulez travailler.",screens\AppLauncher.tsx,,translated
Executed,Executed,نُفِّذ,Exécuté,screens\Agents.tsx,,translated
Exhibition,Exhibition,,,screens\configs.ts,,needs_translation
Exit,Exit,خروج,Quitter,screens\Kitchen.tsx; screens\POS.tsx,,translated
Exit full screen (Esc),Exit full screen (Esc),الخروج من ملء الشاشة (Esc),Quitter le plein écran (Échap),screens\Kitchen.tsx; screens\POS.tsx,,translated
Exit POS — back to the PMS,Exit POS — back to the PMS,الخروج من نقطة البيع — العودة إلى النظام,Quitter le point de vente — retour au PMS,screens\POS.tsx,,translated
Exit the kitchen pass — back to the PMS,Exit the kitchen pass — back to the PMS,الخروج من ممر المطبخ — العودة إلى نظام الإدارة,Quitter le passe cuisine — retour au PMS,screens\Kitchen.tsx,,translated
Expected,Expected,المتوقع,Attendu,components\DepositPanel.tsx,,translated
Expected ({pct}%),Expected ({pct}%),المتوقع ({pct}%),Attendu ({pct} %),components\DepositPanel.tsx,pct,translated
Expected cash,Expected cash,النقد المتوقع,Espèces attendues,screens\CashierTill.tsx,,translated
Expected pax,Expected pax,عدد الضيوف المتوقع,Pax prévus,screens\Banquet.tsx; screens\configs.ts,,translated
Experiences: +{amount} · added to your bill at the hotel,Experiences: +{amount} · added to your bill at the hotel,التجارب: +{amount} · تُضاف إلى فاتورتك في الفندق,Expériences : +{amount} · ajoutées à votre note à l'hôtel,screens\PublicBooking.tsx,amount,translated
Export,Export,تصدير,Exporter,components\ResourceScreen.tsx,,translated
Export as CSV,Export as CSV,تصدير كـ CSV,Exporter en CSV,components\ResourceScreen.tsx,,translated
express,express,مستعجل,,screens\Laundry.tsx,,missing:fr
Express,Express,مستعجل,Express,screens\Laundry.tsx,,translated
Express {cur} (opt),Express {cur} (opt),مستعجل {cur} (اختياري),Express {cur} (fac.),screens\Laundry.tsx,cur,translated
Extra adult / night,Extra adult / night,,,screens\configs.ts,,needs_translation
Extra Bed Policy,Extra Bed Policy,سياسة السرير الإضافي,Politique lits d'appoint,screens\PublicBooking.tsx,,translated
Extra Bed Policy:,Extra Bed Policy:,سياسة السرير الإضافي:,Politique lit supplémentaire :,screens\PublicCheckin.tsx,,translated
Extra guest price / night,Extra guest price / night,سعر الضيف الإضافي / ليلة,Prix personne supplémentaire / nuit,screens\Setup.tsx,,translated
Extra instructions,Extra instructions,تعليمات إضافية,Consignes supplémentaires,screens\Settings.tsx,,translated
eZee export,eZee export,تصدير eZee,Export eZee,screens\Setup.tsx,,translated
F&B Dashboard,F&B Dashboard,لوحة المأكولات والمشروبات,Tableau de bord restauration,lib\apps.ts,,translated
Failed,Failed,فشل,Échec,screens\SystemHealth.tsx,,translated
Failed{status}: {err},Failed{status}: {err},فشل{status}: {err},Échec{status} : {err},screens\Settings.tsx,status err,translated
FAQ,FAQ,الأسئلة الشائعة,,lib\apps.ts; screens\BookingEngine.tsx,,missing:fr
fee: {fee},fee: {fee},رسوم: {fee},frais : {fee},screens\PublicBooking.tsx,fee,translated
Filter by room type,Filter by room type,تصفية حسب نوع الغرفة,Filtrer par type de chambre,screens\TapeChart.tsx,,translated
Filter by who acted,Filter by who acted,تصفية حسب من نفّذ,Filtrer par auteur de l'action,screens\Agents.tsx,,translated
Filter rooms,Filter rooms,تصفية الغرف,Filtrer les chambres,screens\HousekeepingBoard.tsx,,translated
Finance,Finance,المالية,Finances,screens\Dashboard.tsx; screens\Login.tsx,,translated
"Find a room across every property you manage, and book into whichever has space.","Find a room across every property you manage, and book into whichever has space.",اعثر على غرفة عبر كل عقار تديره، واحجز حيث يوجد مكان.,Trouvez une chambre dans tous les établissements que vous gérez et réservez dans celui qui a de la place.,screens\CRS.tsx,,translated
Find it under Arrivals on the stay date.,Find it under Arrivals on the stay date.,ابحث عنه تحت الوصول في تاريخ الإقامة.,Vous la retrouverez dans Arrivées à la date du séjour.,components\BookingDialog.tsx,,translated
Find the reservation for room 101 and show me the folio.,Find the reservation for room 101 and show me the folio.,ابحث عن حجز الغرفة 101 واعرض لي فاتورتها.,Trouve la réservation de la chambre 101 et montre-moi son folio.,screens\Assistant.tsx,,translated
Fire,Fire,أرسل للطبخ,Envoyer,screens\Kitchen.tsx,,translated
Fire {course},Fire {course},أرسل {course},Envoyer {course},screens\Kitchen.tsx,course,translated
Fire KOT,Fire KOT,إرسال أمر المطبخ,Envoyer le KOT,screens\POS.tsx,,translated
Fired,Fired,أُرسل للطبخ,Envoyé,screens\Kitchen.tsx,,translated
First Night,First Night,,,screens\Settings.tsx,,needs_translation
Fix the issue below to see a price.,Fix the issue below to see a price.,أصلح المشكلة أدناه لرؤية السعر.,Corrigez le problème ci-dessous pour voir un prix.,components\BookingDialog.tsx,,translated
Fixed,Fixed,,,screens\Settings.tsx,,needs_translation
Fixed per person per night,Fixed per person per night,مبلغ ثابت لكل شخص في الليلة,Montant fixe par personne et par nuit,screens\Settings.tsx,,translated
Float,Float,الرصيد الابتدائي,Fonds de caisse,screens\CashierTill.tsx,,translated
Floor,Floor,الطابق,Étage,screens\configs.ts,,translated
Floor {f},Floor {f},الطابق {f},Étage {f},screens\HousekeepingBoard.tsx,f,translated
Floor price / night,Floor price / night,,,screens\configs.ts,,needs_translation
Focus mode — hide PMS menus,Focus mode — hide PMS menus,وضع التركيز — إخفاء قوائم النظام,Mode concentration — masquer les menus du PMS,screens\Kitchen.tsx; screens\POS.tsx,,translated
Folio,Folio,الفاتورة,Folio,screens\Billing.tsx; screens\Laundry.tsx,,translated
Folio History,Folio History,سجل الفواتير,Historique du folio,lib\apps.ts,,translated
Folios,Folios,الفواتير,Folios,screens\Billing.tsx,,translated
For {name},For {name},لـ {name},Pour {name},screens\FolioView.tsx,name,translated
Found,Found,,,screens\configs.ts,,needs_translation
Frappe Desk,Frappe Desk,مكتب فراب,,lib\apps.ts,,missing:fr
Free,Free,شاغرة,Libre,screens\TapeChart.tsx,,translated
Free cancellation window (days before arrival),Free cancellation window (days before arrival),,,screens\Settings.tsx,,needs_translation
Free Child Age Limit (Years),Free Child Age Limit (Years),حد عمر الطفل المجاني (سنوات),Âge limite de gratuité enfant (ans),screens\Setup.tsx,,translated
Free up to {n} day{s} before arrival,Free up to {n} day{s} before arrival,مجاني حتى {n} يوم{s} قبل الوصول,Gratuite jusqu'à {n} jour{s} avant l'arrivée,screens\PublicBooking.tsx,n s,translated
Frequently Asked Questions,Frequently Asked Questions,الأسئلة الشائعة,Questions fréquentes,screens\PublicBooking.tsx,,translated
from,from,من,à partir de,components\ResourceScreen.tsx,,translated
From,From,من,Du,screens\Banquet.tsx; screens\configs.ts,,translated
from {rate}/night,from {rate}/night,ابتداءً من {rate}/ليلة,à partir de {rate}/nuit,screens\PublicBooking.tsx; screens\PublicListing.tsx,rate,translated
from / night,from / night,ابتداءً من / ليلة,à partir de / nuit,screens\PublicListing.tsx,,translated
From date,From date,,,screens\configs.ts,,needs_translation
From Meta Business Manager > WhatsApp > API setup,From Meta Business Manager > WhatsApp > API setup,,,screens\configs.ts,,needs_translation
Front Desk,Front Desk,الاستقبال,Réception,screens\Login.tsx,,translated
Front desk (name & sign),Front desk (name & sign),الاستقبال (الاسم والتوقيع),Réception (nom et signature),screens\RegistrationCard.tsx,,translated
Front Desk Overview,Front Desk Overview,نظرة عامة على الاستقبال,Vue d'ensemble de la réception,screens\Today.tsx,,translated
Full amount is paid online to confirm this booking.,Full amount is paid online to confirm this booking.,يُدفع المبلغ كاملاً عبر الإنترنت لتأكيد هذا الحجز.,La totalité est réglée en ligne pour confirmer cette réservation.,screens\PublicBooking.tsx,,translated
Full name,Full name,الاسم الكامل,Nom complet,screens\PublicBooking.tsx; screens\PublicListing.tsx,,translated
Full payment,Full payment,دفع كامل,Paiement intégral,screens\Setup.tsx,,translated
Full screen till,Full screen till,صندوق بملء الشاشة,Caisse en plein écran,screens\POS.tsx,,translated
Full Stay,Full Stay,,,screens\Settings.tsx,,needs_translation
Function Diary,Function Diary,يومية المناسبات,Agenda des événements,lib\apps.ts,,translated
"Function prospecting through to the event order - enquiry, quotation, contract, and the day itself.","Function prospecting through to the event order - enquiry, quotation, contract, and the day itself.",من استقطاب المناسبة إلى أمر الفعالية - استفسار وعرض وعقد واليوم نفسه.,"De la prospection à l'ordre de service - demande, devis, contrat et le jour J.",screens\Banquet.tsx,,translated
Gateway,Gateway,,,screens\Settings.tsx,,needs_translation
Gender,Gender,الجنس,Sexe,screens\RegistrationCard.tsx,,translated
Generate e-invoices,Generate e-invoices,,,screens\Settings.tsx,,needs_translation
generates fake payment links for demos,generates fake payment links for demos,,,screens\Settings.tsx,,needs_translation
Generic CSV,Generic CSV,,,screens\AccountingExport.tsx,,needs_translation
Get an OpenAI API key at,Get an OpenAI API key at,احصل على مفتاح OpenAI من,Obtenez une clé API OpenAI sur,screens\Assistant.tsx,,translated
GitHub releases,GitHub releases,إصدارات GitHub,Versions GitHub,screens\SystemHealth.tsx,,translated
Give the guest the cancellation number.,Give the guest the cancellation number.,أعطِ الضيف رقم الإلغاء.,Communiquez le numéro d'annulation au client.,components\CancelPanel.tsx,,translated
Good afternoon,Good afternoon,مساء الخير,Bon après-midi,screens\Today.tsx,,translated
Good evening,Good evening,مساء الخير,Bonsoir,screens\Today.tsx,,translated
Good morning,Good morning,صباح الخير,Bonjour,screens\Today.tsx,,translated
Google Maps link,Google Maps link,,,screens\configs.ts,,needs_translation
Google reviews URL,Google reviews URL,,,screens\Settings.tsx,,needs_translation
Got it,Got it,حسناً,Compris,screens\Kitchen.tsx,,translated
Grand total,Grand total,الإجمالي الكلي,Total général,screens\FolioView.tsx,,translated
GRC,GRC,بطاقة التسجيل,Fiche de police,screens\Today.tsx,,translated
Group,Group,مجموعة,Groupe,screens\TapeChart.tsx; screens\configs.ts,,translated
Group folio,Group folio,فاتورة المجموعة,Folio groupe,screens\FolioView.tsx,,translated
Group name,Group name,,,screens\configs.ts,,needs_translation
Groups & Blocks,Groups & Blocks,المجموعات والحجب,Groupes et blocages,lib\apps.ts,,translated
GST,GST,,,screens\configs.ts,,needs_translation
GST {rate}%,GST {rate}%,الضريبة {rate}%,Taxe {rate} %,screens\FolioView.tsx,rate,translated
GST %,GST %,,,screens\configs.ts,,needs_translation
GST % above threshold,GST % above threshold,,,screens\Settings.tsx,,needs_translation
GST % below threshold,GST % below threshold,,,screens\Settings.tsx,,needs_translation
GST mode,GST mode,,,screens\Settings.tsx,,needs_translation
GSTIN,GSTIN,GSTIN,,screens\Settings.tsx; screens\configs.ts,,missing:fr
Guaranteed pax,Guaranteed pax,,,screens\configs.ts,,needs_translation
Guardrails,Guardrails,حدود الأسعار,Garde-fous,lib\apps.ts,,translated
Guest,Guest,ضيف,Client,components\CommandPalette.tsx; screens\Billing.tsx; screens\FolioView.tsx; screens\Guests.tsx; screens\Laundry.tsx; screens\RegistrationCard.tsx; screens\Today.tsx; screens\configs.ts,,translated
Guest (if known),Guest (if known),,,screens\configs.ts,,needs_translation
Guest allergy,Guest allergy,حساسية الضيف,Allergie du client,screens\Kitchen.tsx,,translated
"Guest conversations on your own number - confirmations go out automatically, replies land here and on the desk queue.","Guest conversations on your own number - confirmations go out automatically, replies land here and on the desk queue.",محادثات الضيوف على رقمك - التأكيدات تُرسل تلقائياً، والردود تصل هنا وإلى قائمة الاستقبال.,"Conversations clients sur votre propre numéro - les confirmations partent automatiquement, les réponses arrivent ici et dans la file de la réception.",screens\WhatsAppChat.tsx,,translated
Guest ID,Guest ID,هوية النزيل,Pièce d'identité du client,screens\RegistrationCard.tsx,,translated
Guest ID on file,Guest ID on file,هوية النزيل محفوظة,Pièce d'identité du client au dossier,screens\RegistrationCard.tsx,,translated
Guest ID retention,Guest ID retention,,,screens\Settings.tsx,,needs_translation
"Guest laundry — pickup, processing, return and billing.","Guest laundry — pickup, processing, return and billing.",غسيل الضيوف — استلام ومعالجة وإرجاع وفوترة.,"Blanchisserie clients — collecte, traitement, retour et facturation.",screens\Laundry.tsx,,translated
Guest name,Guest name,اسم الضيف,Nom du client,components\BookingDialog.tsx; screens\CRS.tsx; screens\POS.tsx,,translated
GUEST REGISTRATION CARD,GUEST REGISTRATION CARD,بطاقة تسجيل النزيل,FICHE DE POLICE,screens\RegistrationCard.tsx,,translated
Guest request - SLA starts from priority at creation,Guest request - SLA starts from priority at creation,طلب ضيف - يبدأ مستوى الخدمة من الأولوية عند الإنشاء,Demande client - le délai part de la priorité fixée à la création,screens\Tickets.tsx,,translated
Guest request: {req},Guest request: {req},طلب ضيف: {req},Demande client : {req},screens\HkApp.tsx,req,translated
Guest Requests,Guest Requests,طلبات الضيوف,Demandes clients,lib\apps.ts,,translated
Guest requests with SLA - Urgent 15m · High 30m · Medium 1h · Low 4h,Guest requests with SLA - Urgent 15m · High 30m · Medium 1h · Low 4h,طلبات الضيوف بمستوى خدمة - عاجل 15د · عالي 30د · متوسط 1س · منخفض 4س,Demandes clients avec délais - Urgent 15 min · Élevée 30 min · Moyenne 1 h · Faible 4 h,screens\Tickets.tsx,,translated
Guest signature,Guest signature,توقيع النزيل,Signature du client,screens\RegistrationCard.tsx,,translated
Guests,Guests,الضيوف,Clients,components\BookingDialog.tsx; components\CommandPalette.tsx; lib\apps.ts; screens\Guests.tsx; screens\RegistrationCard.tsx,,translated
guests with no stay for this long are erased automatically; bills stay for the books. 0 keeps them,guests with no stay for this long are erased automatically; bills stay for the books. 0 keeps them,,,screens\Settings.tsx,,needs_translation
Hall,Hall,القاعة,Salle,screens\Banquet.tsx; screens\configs.ts,,translated
Halls & Venues,Halls & Venues,القاعات والأماكن,Salles et espaces,lib\apps.ts,,translated
Handed over to,Handed over to,,,screens\configs.ts,,needs_translation
Handover notes,Handover notes,,,screens\configs.ts,,needs_translation
Have a code?,Have a code?,لديك رمز؟,Vous avez un code ?,screens\PublicBooking.tsx,,translated
held,held,معلّق,bloquée,screens\Kitchen.tsx,,translated
HELD,HELD,معلّق,BLOQUÉ,screens\Kitchen.tsx,,translated
Held (house use / VIP / maintenance),Held (house use / VIP / maintenance),محجوز (استخدام الفندق / VIP / صيانة),Bloquée (usage maison / VIP / maintenance),screens\TapeChart.tsx,,translated
Here's what's happening today.,Here's what's happening today.,إليك ما يحدث اليوم.,Voici ce qui se passe aujourd'hui.,screens\Today.tsx,,translated
Hero image,Hero image,,,screens\Settings.tsx,,needs_translation
HeyKoala,HeyKoala,,,screens\configs.ts,,needs_translation
High,High,,,screens\configs.ts,,needs_translation
Hold bill,Hold bill,تعليق الفاتورة,Mettre la note en attente,screens\POS.tsx,,translated
Hold window (minutes),Hold window (minutes),,,screens\Settings.tsx,,needs_translation
Homestay,Homestay,,,screens\Settings.tsx,,needs_translation
Host & caretaker,Host & caretaker,المضيف والمشرف,Hôte et gardien,screens\PublicListing.tsx,,translated
Hotel,Hotel,فندق,Hôtel,screens\Settings.tsx; screens\Setup.tsx,,translated
Hotel Admin (GM),Hotel Admin (GM),مدير الفندق (المدير العام),Direction de l'hôtel,screens\Login.tsx,,translated
Hotel local clock — night audit and timestamps. Updates the site time zone too.,Hotel local clock — night audit and timestamps. Updates the site time zone too.,ساعة الفندق المحلية — التدقيق الليلي والطوابع الزمنية. تحدّث أيضاً المنطقة الزمنية للموقع.,Horloge locale de l'hôtel — audit de nuit et horodatages. Met aussi à jour le fuseau horaire du site.,screens\Settings.tsx,,translated
"Hotel or vacation rental — same product, different defaults. Prefer talking? Connect Claude to ZIRI's MCP and say ""onboard my property"".","Hotel or vacation rental — same product, different defaults. Prefer talking? Connect Claude to ZIRI's MCP and say ""onboard my property"".","فندق أو إيجار عطلات — نفس المنتج بإعدادات افتراضية مختلفة. تفضّل الحديث؟ اربط Claude بـ MCP في ZIRI PMS وقل ""onboard my property"".","Hôtel ou location saisonnière — même produit, réglages par défaut différents. Vous préférez dialoguer ? Connectez Claude au MCP de ZIRI PMS et dites « configure mon établissement ».",screens\Setup.tsx,,translated
Hotel Policies & Rules,Hotel Policies & Rules,سياسات الفندق وقواعده,Conditions et règlement de l'hôtel,screens\PublicBooking.tsx,,translated
Hotel Profile,Hotel Profile,ملف الفندق,Profil de l'hôtel,lib\apps.ts; screens\BookingEngine.tsx,,translated
Hourly,Hourly,بالساعة,À l'heure,screens\TapeChart.tsx,,translated
Hourly rental,Hourly rental,,,screens\configs.ts,,needs_translation
house,house,الفندق,maison,screens\Laundry.tsx,,translated
House (uniforms / linen),House (uniforms / linen),الفندق (زي / بياضات),Maison (uniformes / linge),screens\Laundry.tsx,,translated
House rules,House rules,قواعد الفندق,Règlement intérieur,screens\PublicBooking.tsx; screens\PublicListing.tsx,,translated
House Rules:,House Rules:,قواعد الفندق:,Règlement intérieur :,screens\PublicCheckin.tsx,,translated
House Use,House Use,استخدام الفندق,Usage maison,screens\configs.ts,,translated
Housekeeping,Housekeeping,التدبير المنزلي,Ménage,screens\Dashboard.tsx; screens\HkApp.tsx; screens\Login.tsx; screens\Today.tsx; screens\configs.ts,,translated
Housekeeping status,Housekeeping status,حالة التدبير المنزلي,Statut ménage,screens\configs.ts,,translated
Housekeeping: {from} → {to} (click to advance),Housekeeping: {from} → {to} (click to advance),التدبير المنزلي: {from} ← {to} (انقر للتقديم),Ménage : {from} → {to} (cliquer pour avancer),screens\Today.tsx,from to,translated
How do guests book this property? This sets Sellable Units and competition groups — not a separate product fork.,How do guests book this property? This sets Sellable Units and competition groups — not a separate product fork.,كيف يحجز الضيوف هذا العقار؟ يحدد الوحدات القابلة للبيع ومجموعات المنافسة — وليس منتجاً منفصلاً.,Comment les clients réservent-ils cet établissement ? Cela définit les unités vendables et les groupes concurrentiels — ce n'est pas une variante de produit distincte.,screens\Setup.tsx,,translated
How do I add photos to a room type?,How do I add photos to a room type?,كيف أُضيف صورًا إلى نوع غرفة؟,Comment ajouter des photos à un type de chambre ?,components\HelpPanel.tsx,,translated
How do I check a guest in?,How do I check a guest in?,كيف أُسجّل وصول ضيف؟,Comment enregistrer l'arrivée d'un client ?,components\HelpPanel.tsx,,translated
How do I waitlist a booking?,How do I waitlist a booking?,كيف أُضيف حجزًا إلى قائمة الانتظار؟,Comment mettre une réservation en liste d'attente ?,components\HelpPanel.tsx,,translated
How long:,How long:,المدة:,Durée de conservation :,components\PrivacyNotice.tsx,,translated
How to upgrade,How to upgrade,كيفية الترقية,Comment mettre à jour,screens\SystemHealth.tsx,,translated
I accept the registration declaration.,I accept the registration declaration.,أوافق على إقرار التسجيل.,J'accepte la déclaration d'enregistrement.,screens\PublicCheckin.tsx,,translated
"I certify the above details are correct. I agree to the hotel's policies on check-out time, damage to property and applicable taxes, and consent to my details being kept in the guest register as required by law.","I certify the above details are correct. I agree to the hotel's policies on check-out time, damage to property and applicable taxes, and consent to my details being kept in the guest register as required by law.",أقرّ بصحة البيانات أعلاه، وأوافق على سياسات الفندق بشأن وقت المغادرة والأضرار والضرائب المطبقة، وعلى حفظ بياناتي في سجل النزلاء وفق ما يقتضيه النظام.,"Je certifie que les informations ci-dessus sont exactes. J'accepte les conditions de l'hôtel relatives à l'heure de départ, aux dommages causés aux biens et aux taxes applicables, et je consens à ce que mes informations soient conservées dans le registre des clients comme l'exige la loi.",screens\RegistrationCard.tsx,,translated
"I confirm the details above are correct, agree to the hotel's registration terms and house rules, and consent to the hotel holding a copy of my ID for this stay.","I confirm the details above are correct, agree to the hotel's registration terms and house rules, and consent to the hotel holding a copy of my ID for this stay.",أؤكد صحة البيانات أعلاه، وأوافق على شروط التسجيل وقواعد الفندق، وعلى احتفاظ الفندق بنسخة من هويتي لهذه الإقامة.,"Je confirme que les informations ci-dessus sont exactes, j'accepte les conditions d'enregistrement et le règlement intérieur de l'hôtel, et je consens à ce que l'hôtel conserve une copie de ma pièce d'identité pour ce séjour.",screens\PublicCheckin.tsx,,translated
ID,ID,الهوية,Pièce d'identité,screens\RegistrationCard.tsx,,translated
ID document,ID document,مستند الهوية,Pièce d'identité,screens\RegistrationCard.tsx,,translated
ID number,ID number,رقم الهوية,Numéro de la pièce d'identité,components\BookingDialog.tsx; screens\PublicCheckin.tsx,,translated
ID on file,ID on file,هوية محفوظة,Pièce d'identité au dossier,components\CheckInDialog.tsx,,translated
ID photos are deleted and ID numbers cut to the last 4 digits at checkout.,ID photos are deleted and ID numbers cut to the last 4 digits at checkout.,تُحذف صور الهوية ويُقتصر رقمها على آخر 4 أرقام عند المغادرة.,Les photos des pièces d'identité sont supprimées et les numéros réduits aux 4 derniers chiffres au départ.,components\PrivacyNotice.tsx,,translated
ID type,ID type,نوع الهوية,Type de pièce d'identité,components\BookingDialog.tsx; screens\PublicCheckin.tsx,,translated
"If you are not satisfied, you can complain to {authority}.","If you are not satisfied, you can complain to {authority}.",إن لم تكن راضيًا، يمكنك تقديم شكوى إلى {authority}.,"Si vous n'êtes pas satisfait, vous pouvez saisir {authority}.",components\PrivacyNotice.tsx,authority,translated
Import {n} booking{s},Import {n} booking{s},استيراد {n} حجز{s},Importer {n} réservation{s},screens\Setup.tsx,n s,translated
Importing…,Importing…,جارٍ الاستيراد…,Importation…,screens\Setup.tsx,,translated
In,In,,,screens\configs.ts,,needs_translation
In {n} days,In {n} days,خلال {n} أيام,Dans {n} jours,screens\Today.tsx,n,translated
In / out,In / out,دخول / خروج,Entrées / sorties,screens\FolioView.tsx,,translated
In hand,In hand,في اليد,En caisse,screens\Laundry.tsx,,translated
In house,In house,داخل الفندق,En séjour,screens\Dashboard.tsx,,translated
In kitchen,In kitchen,في المطبخ,En cuisine,screens\POS.tsx,,translated
in play,in play,قيد التنفيذ,en jeu,screens\Banquet.tsx,,translated
In Progress,In Progress,قيد التنفيذ,En cours,screens\configs.ts,,translated
In progress…,In progress…,قيد التنفيذ…,En cours…,screens\HkApp.tsx,,translated
In Storage,In Storage,,,screens\configs.ts,,needs_translation
"In ZIRI PMS, open Settings → AI assistant: paste the key, pick a model (gpt-4o-mini works well), switch it on, save.","In ZIRI PMS, open Settings → AI assistant: paste the key, pick a model (gpt-4o-mini works well), switch it on, save.",في ZIRI PMS افتح الإعدادات ← المساعد الذكي: الصق المفتاح، واختر نموذجًا (gpt-4o-mini مناسب)، وفعّله، ثم احفظ.,"Dans ZIRI PMS, ouvrez Réglages → Assistant IA : collez la clé, choisissez un modèle (gpt-4o-mini convient), activez-le, enregistrez.",screens\Assistant.tsx,,translated
In-house,In-house,داخل الفندق,En séjour,screens\Dashboard.tsx; screens\Reports.tsx; screens\Today.tsx,,translated
In-house guests,In-house guests,الضيوف داخل الفندق,Clients en séjour,screens\Today.tsx,,translated
incl. {tax},incl. {tax},شامل {tax},{tax} comprise,screens\RegistrationCard.tsx,tax,translated
Includes {amount} cleaning fee,Includes {amount} cleaning fee,يشمل رسوم تنظيف قدرها {amount},Inclut {amount} de frais de ménage,screens\PublicBooking.tsx,amount,translated
Individual units,Individual units,وحدات فردية,Unités individuelles,screens\Setup.tsx,,translated
Info,Info,معلومة,,screens\SystemHealth.tsx,,missing:fr
Inside the {days}-day window - the {basis} ({amount}) will be charged.,Inside the {days}-day window - the {basis} ({amount}) will be charged.,داخل نافذة {days} يوم - سيتم تحصيل {basis} ({amount}).,Dans le délai de {days} jours - le {basis} ({amount}) sera facturé.,components\CancelPanel.tsx,days basis amount,translated
Inspected,Inspected,تم الفحص,Contrôlée,screens\Dashboard.tsx; screens\Today.tsx; screens\configs.ts,,translated
Inspection,Inspection,فحص,Contrôle,screens\configs.ts,,translated
Installed,Installed,المثبّت,Installé,screens\SystemHealth.tsx,,translated
Instant,Instant,,,screens\Settings.tsx,,needs_translation
Invoice,Invoice,فاتورة,Facture,components\CommandPalette.tsx; screens\Billing.tsx,,translated
Invoices,Invoices,الفواتير,Factures,components\CommandPalette.tsx,,translated
"is live. Bring your existing bookings over — paste a CSV, or let the AI migration assistant do the mapping via MCP.","is live. Bring your existing bookings over — paste a CSV, or let the AI migration assistant do the mapping via MCP.",يعمل الآن. انقل حجوزاتك الحالية — الصق CSV، أو دع مساعد ترحيل الذكاء الاصطناعي يقوم بالمطابقة عبر MCP.,"est en ligne. Importez vos réservations existantes — collez un CSV, ou laissez l'assistant de migration IA faire la correspondance via MCP.",screens\Setup.tsx,,translated
"ISO code, e.g. SAR, AED, USD. Set it when you change country.","ISO code, e.g. SAR, AED, USD. Set it when you change country.",,,screens\Settings.tsx,,needs_translation
"It can look things up and act - quote and book stays, check guests in and out, post charges and payments, work the waitlist, and read the day's numbers.","It can look things up and act - quote and book stays, check guests in and out, post charges and payments, work the waitlist, and read the day's numbers.",يستطيع البحث والتنفيذ — تسعير الإقامات وحجزها، وتسجيل وصول الضيوف ومغادرتهم، وتقييد الرسوم والدفعات، وإدارة قائمة الانتظار، وقراءة أرقام اليوم.,"Elle peut chercher et agir — chiffrer et réserver des séjours, enregistrer arrivées et départs, imputer frais et paiements, gérer la liste d'attente et lire les chiffres du jour.",screens\Assistant.tsx,,translated
It speeds up arrival. Bring the original card either way.,It speeds up arrival. Bring the original card either way.,تُسرّع الوصول. أحضر البطاقة الأصلية في كل الأحوال.,Cela accélère votre arrivée. Présentez l'original dans tous les cas.,screens\PublicCheckin.tsx,,translated
Item,Item,البند,Article,screens\FolioView.tsx; screens\Laundry.tsx; screens\configs.ts,,translated
Item (Shirt…),Item (Shirt…),البند (قميص…),Article (Chemise…),screens\Laundry.tsx,,translated
Item name,Item name,,,screens\configs.ts,,needs_translation
JPG/PNG/WebP · under 1 MB,JPG/PNG/WebP · under 1 MB,JPG/PNG/WebP · أقل من 1 ميجابايت,JPG/PNG/WebP · moins de 1 Mo,components\ResourceScreen.tsx,,translated
Keep,Keep,إبقاء,Conserver,screens\HkApp.tsx,,translated
Keep the booking,Keep the booking,إبقاء الحجز,Conserver la réservation,components\CancelPanel.tsx,,translated
Key ID,Key ID,,,screens\Settings.tsx,,needs_translation
Key secret,Key secret,,,screens\Settings.tsx,,needs_translation
Keyboard shortcuts,Keyboard shortcuts,اختصارات لوحة المفاتيح,Raccourcis clavier,screens\POS.tsx,,translated
Kind,Kind,النوع,Type,screens\CashierTill.tsx; screens\configs.ts,,translated
King,King,,,screens\configs.ts,,needs_translation
Kitchen,Kitchen,,,screens\configs.ts,,needs_translation
Kitchen Access,Kitchen Access,,,screens\configs.ts,,needs_translation
Kitchen Display,Kitchen Display,شاشة المطبخ,Écran cuisine,lib\apps.ts,,translated
Kitchen Inventory,Kitchen Inventory,مخزون المطبخ,Stock cuisine,lib\apps.ts,,translated
Kitchen pass,Kitchen pass,ممر المطبخ,Passe cuisine,screens\Kitchen.tsx,,translated
KOT printer off,KOT printer off,طابعة أمر المطبخ متوقفة,Imprimante KOT désactivée,screens\POS.tsx,,translated
KOT printer on,KOT printer on,طابعة أمر المطبخ شغّالة,Imprimante KOT activée,screens\POS.tsx,,translated
Label,Label,,,screens\configs.ts,,needs_translation
"Landscape, 1920x1080 or larger - the booking page's opening photo","Landscape, 1920x1080 or larger - the booking page's opening photo",,,screens\Settings.tsx,,needs_translation
Language,Language,اللغة,Langue,screens\Login.tsx; screens\PublicBooking.tsx; screens\PublicCheckin.tsx; screens\PublicListing.tsx; screens\QrMenu.tsx; screens\Settings.tsx,,translated
Last {days} days,Last {days} days,آخر {days} أيام,{days} derniers jours,screens\Laundry.tsx,days,translated
Last 14 days,Last 14 days,آخر 14 يوماً,14 derniers jours,screens\Reports.tsx,,translated
Last push,Last push,,,screens\configs.ts,,needs_translation
Last stay,Last stay,آخر إقامة,Dernier séjour,screens\Guests.tsx,,translated
LATE,LATE,متأخر,EN RETARD,screens\Kitchen.tsx,,translated
Late cancellation fee,Late cancellation fee,,,screens\Settings.tsx,,needs_translation
Latest on GitHub,Latest on GitHub,الأحدث على GitHub,Dernière version sur GitHub,screens\SystemHealth.tsx,,translated
Latitude,Latitude,,,screens\configs.ts,,needs_translation
Laundry,Laundry,الغسيل,Blanchisserie,lib\apps.ts; screens\HkApp.tsx; screens\Laundry.tsx,,translated
Laundry pickup request,Laundry pickup request,طلب استلام غسيل,Demande de collecte de blanchisserie,screens\Laundry.tsx,,translated
Laundry rate card,Laundry rate card,بطاقة أسعار الغسيل,Grille tarifaire blanchisserie,screens\Laundry.tsx,,translated
Lawn,Lawn,,,screens\configs.ts,,needs_translation
Layouts it takes,Layouts it takes,,,screens\configs.ts,,needs_translation
Leave blank for the provider default,Leave blank for the provider default,,,screens\configs.ts,,needs_translation
Leave blank to skip,Leave blank to skip,اتركه فارغاً للتخطي,Laisser vide pour ignorer,screens\Setup.tsx,,translated
Ledgers,Ledgers,دفتر الأستاذ,Grands livres,lib\apps.ts; screens\Reports.tsx,,translated
Legal name,Legal name,الاسم القانوني,Raison sociale,screens\Settings.tsx,,translated
less,less,أقل,moins,screens\Laundry.tsx,,translated
Lifetime {cur},Lifetime {cur},مدى الحياة {cur},Valeur cumulée {cur},screens\Guests.tsx,cur,translated
Light,Light,فاتح,Clair,screens\Settings.tsx,,translated
Link sent,Link sent,تم إرسال الرابط,Lien envoyé,components\DepositPanel.tsx,,translated
Listing code,Listing code,رمز القائمة,Code de l'annonce,screens\Setup.tsx,,translated
Listing name,Listing name,اسم القائمة,Nom de l'annonce,screens\Setup.tsx,,translated
literal,literal,,,components\AssistantPanel.tsx,,needs_translation
Live quote as you type,Live quote as you type,عرض سعر مباشر أثناء الكتابة,Devis en direct au fil de la saisie,components\BookingDialog.tsx,,translated
Loading menu…,Loading menu…,جارٍ تحميل القائمة…,Chargement de la carte…,screens\QrMenu.tsx,,translated
Loading…,Loading…,جارٍ التحميل…,Chargement…,App.tsx; components\BookingDialog.tsx; components\CheckInDialog.tsx; components\RoomChangeDialog.tsx; screens\Agents.tsx; screens\Banquet.tsx; screens\FolioView.tsx; screens\HkApp.tsx; screens\HousekeepingBoard.tsx; screens\PublicBooking.tsx; screens\PublicCheckin.tsx; screens\PublicListing.tsx; screens\RegistrationCard.tsx; screens\Reports.tsx; screens\Settings.tsx; screens\SystemHealth.tsx,,translated
Location & Directions,Location & Directions,الموقع وإرشادات الوصول,Emplacement et accès,screens\PublicBooking.tsx,,translated
Log a lost or found item,Log a lost or found item,تسجيل مفقود أو موجود,Enregistrer un objet perdu ou trouvé,screens\HkApp.tsx,,translated
Log an item,Log an item,تسجيل عنصر,Enregistrer un objet,screens\HkApp.tsx,,translated
Log it,Log it,سجّله,Enregistrer,screens\HkApp.tsx,,translated
Log pickup request,Log pickup request,تسجيل طلب استلام,Enregistrer la demande de collecte,screens\Laundry.tsx,,translated
Logged,Logged,,,screens\configs.ts,,needs_translation
Logged {condition}: {desc},Logged {condition}: {desc},سُجّل {condition}: {desc},Enregistré {condition} : {desc},screens\HkApp.tsx,condition desc,translated
Logged by,Logged by,,,screens\configs.ts,,needs_translation
Logged on,Logged on,,,screens\configs.ts,,needs_translation
Logo,Logo,,,screens\Settings.tsx,,needs_translation
Longitude,Longitude,,,screens\configs.ts,,needs_translation
Looked up reservations,Looked up reservations,بحث في الحجوزات,A consulté les réservations,screens\Assistant.tsx,,translated
Lost,Lost,,,screens\configs.ts,,needs_translation
Lost & Found,Lost & Found,المفقودات,Objets trouvés,lib\apps.ts,,translated
Low,Low,,,screens\configs.ts,,needs_translation
Maintenance,Maintenance,صيانة,Maintenance,screens\configs.ts,,translated
Manage,Manage,إدارة,Gérer,screens\Marketplace.tsx,,translated
Manage Users,Manage Users,إدارة المستخدمين,Gérer les utilisateurs,lib\apps.ts,,translated
Manager flash,Manager flash,تنبيه المدير,Flash direction,screens\Reports.tsx,,translated
Map,Map,خريطة,Carte,screens\PublicListing.tsx,,translated
MAP,MAP,,,screens\configs.ts,,needs_translation
Map location not set,Map location not set,لم يُحدَّد موقع الخريطة,Emplacement non renseigné sur la carte,screens\PublicBooking.tsx,,translated
Margin,Margin,,,screens\banquet\Steps.tsx,,needs_translation
Mark {status},Mark {status},تعليم كـ {status},Marquer {status},screens\HousekeepingBoard.tsx,status,translated
Mark ready,Mark ready,تعليم كجاهز,Marquer prêt,screens\Kitchen.tsx; screens\Laundry.tsx,,translated
Marketplace,Marketplace,السوق,Place de marché,lib\apps.ts; screens\AppLauncher.tsx; screens\Marketplace.tsx,,translated
Max adults,Max adults,,,screens\configs.ts,,needs_translation
Max children,Max children,,,screens\configs.ts,,needs_translation
Max guests (base),Max guests (base),أقصى ضيوف (أساسي),Capacité maximale (de base),screens\Setup.tsx,,translated
Max uses (0 = unlimited),Max uses (0 = unlimited),,,screens\configs.ts,,needs_translation
Meal plan,Meal plan,خطة الوجبات,Arrangement,components\BookingDialog.tsx; screens\PublicBooking.tsx,,translated
Meal Plans,Meal Plans,خطط الوجبات,Arrangements,lib\apps.ts,,translated
Meals,Meals,الوجبات,Repas,components\BookingDialog.tsx,,translated
Medium,Medium,,,screens\configs.ts,,needs_translation
Mehendi,Mehendi,,,screens\configs.ts,,needs_translation
Menu,Menu,القائمة,Carte,lib\apps.ts; screens\POS.tsx,,translated
Menus & Services,Menus & Services,القوائم والخدمات,Cartes et prestations,lib\apps.ts,,translated
Meta App Secret,Meta App Secret,,,screens\configs.ts,,needs_translation
Meta Business,Meta Business,,,screens\configs.ts,,needs_translation
Meta phone number ID,Meta phone number ID,,,screens\configs.ts,,needs_translation
Min nights,Min nights,,,screens\configs.ts,,needs_translation
Minimum hours,Minimum hours,,,screens\configs.ts,,needs_translation
Minimum nights,Minimum nights,,,screens\configs.ts,,needs_translation
Minimum Nights,Minimum Nights,الحد الأدنى من الليالي,Nuits minimum,screens\Setup.tsx,,translated
Minimum pax it's worth opening for,Minimum pax it's worth opening for,,,screens\configs.ts,,needs_translation
Minimum stay,Minimum stay,الحد الأدنى للإقامة,Séjour minimum,screens\PublicBooking.tsx,,translated
Minimum stay nights,Minimum stay nights,,,screens\Settings.tsx,,needs_translation
Minutes saved,Minutes saved,الدقائق الموفَّرة,Minutes gagnées,screens\Agents.tsx,,translated
Missing,Missing,,,screens\configs.ts,,needs_translation
Mode,Mode,الوضع,Mode,screens\CashierTill.tsx,,translated
Model,Model,النموذج,Modèle,screens\Settings.tsx,,translated
Modifier,Modifier,,,screens\configs.ts,,needs_translation
Modifier type,Modifier type,,,screens\configs.ts,,needs_translation
Modifier value (-10 = 10% off),Modifier value (-10 = 10% off),,,screens\configs.ts,,needs_translation
Money,Money,المبالغ,Règlements,screens\RegistrationCard.tsx; screens\banquet\Steps.tsx,,translated
Month Availability,Month Availability,توفر الشهر,Disponibilité du mois,lib\apps.ts,,translated
Month by month,Month by month,شهراً بشهر,Mois par mois,screens\Banquet.tsx,,translated
month to date,month to date,من بداية الشهر,cumul du mois,screens\Dashboard.tsx,,translated
Month to date,Month to date,من بداية الشهر حتى اليوم,Cumul du mois,screens\Reports.tsx,,translated
more,more,المزيد,plus,screens\Laundry.tsx,,translated
more gateways via the Frappe payments app,more gateways via the Frappe payments app,,,screens\Settings.tsx,,needs_translation
Morning,Morning,,,screens\configs.ts,,needs_translation
Move,Move,نقل,Transférer,screens\FolioView.tsx,,translated
move only,move only,نقل فقط,transfert seul,screens\FolioView.tsx,,translated
Move or split this charge,Move or split this charge,نقل أو تقسيم هذه الرسوم,Transférer ou scinder cette prestation,screens\FolioView.tsx,,translated
Move room,Move room,نقل الغرفة,Changer de chambre,screens\TapeChart.tsx,,translated
Move to {room},Move to {room},نقل إلى {room},Transférer en chambre {room},components\RoomChangeDialog.tsx,room,translated
Movement,Movement,الحركة,Mouvement,screens\Reports.tsx,,translated
Moving…,Moving…,جارٍ النقل…,Transfert…,components\RoomChangeDialog.tsx,,translated
"Multiple rooms, optional F&B and events. Classic front-desk flow.","Multiple rooms, optional F&B and events. Classic front-desk flow.",غرف متعددة، مأكولات ومشروبات وفعاليات اختيارية. سير عمل الاستقبال الكلاسيكي.,"Plusieurs chambres, restauration et événements en option. Déroulé classique de la réception.",screens\Setup.tsx,,translated
My Tasks{n},My Tasks{n},مهامي{n},Mes tâches{n},screens\HkApp.tsx,n,translated
My Till,My Till,صندوقي,Ma caisse,lib\apps.ts; screens\CashierTill.tsx,,translated
Name,Name,الاسم,Nom,screens\RegistrationCard.tsx; screens\configs.ts,,translated
Name (Deluxe),Name (Deluxe),الاسم (ديلوكس),Nom (Deluxe),screens\Setup.tsx,,translated
Name or phone…,Name or phone…,الاسم أو الهاتف…,Nom ou téléphone…,screens\Guests.tsx,,translated
Nationality,Nationality,الجنسية,Nationalité,components\BookingDialog.tsx; screens\FolioView.tsx; screens\PublicCheckin.tsx; screens\RegistrationCard.tsx,,translated
Navigate,Navigate,التنقل,Naviguer,components\CommandPalette.tsx,,translated
"Need a platform-wide or service key (HeyKoala, unattended jobs)? That is issued by your system admin under Developers. Staff should use Connect Claude — no API secrets on a laptop.","Need a platform-wide or service key (HeyKoala, unattended jobs)? That is issued by your system admin under Developers. Staff should use Connect Claude — no API secrets on a laptop.",تحتاج مفتاحًا على مستوى المنصّة أو مفتاح خدمة (HeyKoala، المهامّ غير المراقَبة)؟ يُصدره مسؤول النظام من قسم المطوّرين. أمّا الموظّفون فيستخدمون «اربط Claude» — فلا أسرار واجهات برمجية على حاسوب محمول.,"Besoin d'une clé au niveau plateforme ou d'une clé de service (HeyKoala, tâches automatisées) ? Elle est émise par votre administrateur système dans Développeurs. Le personnel doit utiliser « Connecter Claude » — aucun secret d'API sur un portable.",screens\Agents.tsx,,translated
Needs attention,Needs attention,يحتاج انتباهًا,À surveiller,screens\SystemHealth.tsx,,translated
Needs chasing{urgent},Needs chasing{urgent},يحتاج متابعة{urgent},À relancer{urgent},screens\Banquet.tsx,urgent,translated
Negotiated rate plan,Negotiated rate plan,,,screens\configs.ts,,needs_translation
never,never,أبداً,jamais,screens\Guests.tsx,,translated
New,New,جديد,Nouveau,components\ResourceScreen.tsx,,translated
NEW,NEW,جديد,NOUVEAU,screens\Kitchen.tsx,,translated
New {thing},New {thing},جديد: {thing},Nouveau {thing},components\ResourceScreen.tsx,thing,translated
New bill,New bill,فاتورة جديدة,Nouvelle note,screens\POS.tsx,,translated
New Bill,New Bill,فاتورة جديدة,Nouvelle note,screens\POS.tsx,,translated
New booking,New booking,حجز جديد,Nouvelle réservation,AppShell.tsx; components\BookingDialog.tsx,,translated
New chat,New chat,محادثة جديدة,Nouvelle conversation,screens\Assistant.tsx,,translated
New enquiry,New enquiry,استفسار جديد,Nouvelle demande,screens\Banquet.tsx,,translated
New function enquiry,New function enquiry,استفسار مناسبة جديدة,Nouvelle demande d'événement,screens\Banquet.tsx,,translated
New Property,New Property,عقار جديد,Nouvel établissement,lib\apps.ts,,translated
New ticket,New ticket,تذكرة جديدة,Nouveau ticket,screens\Tickets.tsx,,translated
Next,Next,التالي,Suivant,components\ResourceScreen.tsx; screens\TapeChart.tsx,,translated
Next 7 days,Next 7 days,الـ 7 أيام القادمة,7 prochains jours,screens\Reports.tsx,,translated
Next follow-up,Next follow-up,,,screens\configs.ts,,needs_translation
Night,Night,,,screens\configs.ts,,needs_translation
Night audit,Night audit,تدقيق الليل,Audit de nuit,screens\Billing.tsx,,translated
Nightly price,Nightly price,السعر الليلي,Prix par nuit,screens\Setup.tsx,,translated
Nights,Nights,الليالي,Nuits,components\BookingDialog.tsx; screens\CRS.tsx; screens\Guests.tsx; screens\RegistrationCard.tsx,,translated
NIS (Numéro d'Identification Statistique),NIS (Numéro d'Identification Statistique),NIS (رقم التعريف الإحصائي),NIS (Numéro d'Identification Statistique),screens\Settings.tsx,,translated
No arrivals expected today.,No arrivals expected today.,لا وصول متوقع اليوم.,Aucune arrivée prévue aujourd'hui.,screens\Today.tsx,,translated
No change to the price.,No change to the price.,لا تغيير في السعر.,Aucun changement de tarif.,components\RoomChangeDialog.tsx,,translated
No conversations yet,No conversations yet,لا محادثات بعد,Aucune conversation pour l'instant,screens\WhatsAppChat.tsx,,translated
No conversations yet.,No conversations yet.,لا محادثات بعد.,Aucune conversation pour l'instant.,screens\Assistant.tsx,,translated
No departures due today.,No departures due today.,لا مغادرة مستحقة اليوم.,Aucun départ prévu aujourd'hui.,screens\Today.tsx,,translated
No fee applied.,No fee applied.,لم تُطبَّق رسوم.,Aucuns frais appliqués.,components\CancelPanel.tsx,,translated
No folios yet - they open automatically at check-in.,No folios yet - they open automatically at check-in.,لا فواتير بعد - تُفتح تلقائياً عند تسجيل الوصول.,Aucun folio pour l'instant - ils s'ouvrent automatiquement à l'arrivée.,screens\Billing.tsx,,translated
No free room of this type for these dates - check the tape chart for a move or an upgrade.,No free room of this type for these dates - check the tape chart for a move or an upgrade.,لا غرفة متاحة من هذا النوع لهذه التواريخ - راجع مخطط الغرف للنقل أو الترقية.,Aucune chambre libre de ce type pour ces dates - consultez le planning pour un changement ou un surclassement.,components\CheckInDialog.tsx,,translated
No free room tonight,No free room tonight,لا توجد غرفة متاحة الليلة,Aucune chambre libre ce soir,components\BookingDialog.tsx,,translated
No functions in this window.,No functions in this window.,لا مناسبات في هذه الفترة.,Aucun événement sur cette période.,screens\Banquet.tsx,,translated
No guest message in the last 24 hours - WhatsApp only delivers templates outside the session window. A guest writing to you reopens it.,No guest message in the last 24 hours - WhatsApp only delivers templates outside the session window. A guest writing to you reopens it.,لا رسالة من الضيف خلال 24 ساعة - واتساب يرسل القوالب فقط خارج نافذة الجلسة. رسالة من الضيف تعيد فتحها.,"Aucun message du client depuis 24 heures - hors fenêtre de session, WhatsApp ne délivre que des modèles. Un message du client la réouvre.",screens\WhatsAppChat.tsx,,translated
No guests found.,No guests found.,لم يُعثر على ضيوف.,Aucun client trouvé.,screens\Guests.tsx,,translated
No halls set up for this property yet — add one under Halls & Venues.,No halls set up for this property yet — add one under Halls & Venues.,لا قاعات مُعدّة لهذا العقار بعد — أضف واحدة تحت القاعات والأماكن.,Aucune salle configurée pour cet établissement — ajoutez-en une dans Salles et espaces.,screens\Banquet.tsx,,translated
No laundry out right now.,No laundry out right now.,لا غسيل خارج الآن.,Aucune blanchisserie en cours actuellement.,screens\Laundry.tsx,,translated
No matches.,No matches.,لا توجد نتائج.,Aucun résultat.,components\CommandPalette.tsx; screens\POS.tsx,,translated
No open tickets - a quiet day at the desk.,No open tickets - a quiet day at the desk.,لا تذاكر مفتوحة - يوم هادئ في الاستقبال.,Aucun ticket ouvert - journée calme à la réception.,screens\Tickets.tsx,,translated
No open tickets. The kitchen is clear.,No open tickets. The kitchen is clear.,لا تذاكر مفتوحة. المطبخ خالٍ.,Aucun ticket ouvert. La cuisine est à jour.,screens\Kitchen.tsx,,translated
No other room of this type - try All types.,No other room of this type - try All types.,لا توجد غرفة أخرى من هذا النوع - جرّب كل الأنواع.,Aucune autre chambre de ce type - essayez Tous les types.,components\RoomChangeDialog.tsx,,translated
No pickups waiting.,No pickups waiting.,لا استلامات بانتظار.,Aucune collecte en attente.,screens\Laundry.tsx,,translated
No rate card yet — add laundry rates in the Price menu tab.,No rate card yet — add laundry rates in the Price menu tab.,لا بطاقة أسعار بعد — أضف أسعار الغسيل في تبويب قائمة الأسعار.,Aucune grille tarifaire — ajoutez les tarifs de blanchisserie dans l'onglet Grille tarifaire.,screens\Laundry.tsx,,translated
No rates yet{hint},No rates yet{hint},لا أسعار بعد{hint},Aucun tarif pour l'instant{hint},screens\Laundry.tsx,hint,translated
No room,No room,لا غرفة,Aucune chambre,screens\Tickets.tsx,,translated
No room auto-assigned — pick one from Reservations.,No room auto-assigned — pick one from Reservations.,لم تُعيَّن غرفة تلقائياً — اختر واحدة من الحجوزات.,Aucune chambre attribuée automatiquement — choisissez-en une dans Réservations.,components\BookingDialog.tsx,,translated
No rooms across the chain for these dates and party.,No rooms across the chain for these dates and party.,لا غرف عبر السلسلة لهذه التواريخ والعدد.,Aucune chambre dans le groupe pour ces dates et ce nombre de personnes.,screens\CRS.tsx,,translated
No rooms match.,No rooms match.,لا توجد غرف مطابقة.,Aucune chambre ne correspond.,components\RoomChangeDialog.tsx; screens\HousekeepingBoard.tsx,,translated
No Show,No Show,لم يحضر,Non-présentation,screens\configs.ts,,translated
No tables match.,No tables match.,لا طاولات مطابقة.,Aucune table ne correspond.,screens\POS.tsx,,translated
No transactions yet this session.,No transactions yet this session.,لا معاملات بعد في هذه الجلسة.,Aucune opération pour cette session.,screens\CashierTill.tsx,,translated
No unassigned rooms right now.,No unassigned rooms right now.,لا غرف غير مخصصة الآن.,Aucune chambre non attribuée actuellement.,screens\HkApp.tsx,,translated
No-show charge,No-show charge,,,screens\Settings.tsx,,needs_translation
No-shows,No-shows,لم يحضروا,Non-présentations,screens\Reports.tsx,,translated
Nobody is checked in right now.,Nobody is checked in right now.,لا أحد مسجّل وصوله الآن.,Aucun client en séjour actuellement.,screens\Today.tsx,,translated
Non AC,Non AC,بدون مكيف,Sans clim,screens\Setup.tsx; screens\configs.ts,,translated
Non-veg,Non-veg,غير نباتي,Non végétarien,screens\Kitchen.tsx; screens\POS.tsx,,translated
Non-vegetarian,Non-vegetarian,غير نباتي,Non végétarien,screens\QrMenu.tsx,,translated
None,None,لا شيء,Aucun,screens\Settings.tsx,,translated
Not a corporate booking,Not a corporate booking,ليس حجز شركات,Pas une réservation entreprise,screens\Banquet.tsx,,translated
Not a tax invoice yet — the number is issued when the folio is settled.,Not a tax invoice yet — the number is issued when the folio is settled.,ليست فاتورة ضريبية بعد — يُصدر الرقم عند تسوية الفاتورة.,Pas encore une facture fiscale — le numéro est attribué au règlement du folio.,screens\FolioView.tsx,,translated
Not fired,Not fired,لم يُرسل,Non envoyé,screens\POS.tsx,,translated
Not paid,Not paid,غير مدفوع,Non réglé,components\DepositPanel.tsx,,translated
not posted,not posted,غير مُرحَّل,non imputé,screens\Laundry.tsx,,translated
Note,Note,ملاحظة,Remarque,screens\configs.ts,,translated
Note (optional),Note (optional),ملاحظة (اختياري),Remarque (facultatif),components\RoomChangeDialog.tsx,,translated
Notes,Notes,ملاحظات,Remarques,screens\configs.ts,,translated
"Notes (bag on door, after 3pm…)","Notes (bag on door, after 3pm…)",ملاحظات (حقيبة على الباب، بعد الساعة 3 مساءً…),"Remarques (sac à la porte, après 15 h…)",screens\Laundry.tsx,,translated
Nothing assigned to you. Check,Nothing assigned to you. Check,لا شيء مخصص لك. تحقق,Rien ne vous est attribué. Consultez,screens\HkApp.tsx,,translated
Nothing collected now - the full amount stays on the bill.,Nothing collected now - the full amount stays on the bill.,لم يُحصَّل شيء الآن - يبقى المبلغ كاملاً على الفاتورة.,Rien d'encaissé pour le moment - la totalité reste sur la note.,components\BookingDialog.tsx,,translated
Nothing collected yet - it's all on the bill.,Nothing collected yet - it's all on the bill.,لم يُحصَّل شيء بعد - المبلغ كله على الفاتورة.,Rien d'encaissé pour l'instant - tout reste sur la note.,components\BookingDialog.tsx,,translated
Nothing collected yet.,Nothing collected yet.,لم يُحصَّل شيء بعد.,Rien de collecté pour l'instant.,screens\Reports.tsx,,translated
Nothing delivered yet.,Nothing delivered yet.,لم يُسلَّم شيء بعد.,Rien de livré pour l'instant.,screens\Laundry.tsx,,translated
Nothing here yet - start with a new enquiry.,Nothing here yet - start with a new enquiry.,لا شيء هنا بعد - ابدأ باستفسار جديد.,Rien ici pour l'instant - commencez par une nouvelle demande.,screens\Banquet.tsx,,translated
Nothing here yet.,Nothing here yet.,لا يوجد شيء هنا بعد.,Rien ici pour l'instant.,components\ResourceScreen.tsx,,translated
"Nothing is waiting on you - every follow-up, hold and payment is current.","Nothing is waiting on you - every follow-up, hold and payment is current.",لا شيء ينتظرك - كل المتابعات والحجوزات والمدفوعات محدّثة.,"Rien n'attend de vous - relances, options et paiements sont à jour.",screens\Banquet.tsx,,translated
Nothing logged yet.,Nothing logged yet.,لا شيء مُسجَّل بعد.,Rien d'enregistré pour l'instant.,screens\Agents.tsx,,translated
Nothing recent.,Nothing recent.,لا شيء حديث.,Rien de récent.,screens\Laundry.tsx,,translated
Nothing yet.,Nothing yet.,لا شيء بعد.,Rien pour l'instant.,screens\Banquet.tsx,,translated
Now in {room} · {n} rooms free for these dates,Now in {room} · {n} rooms free for these dates,حاليًا في {room} · {n} غرف متاحة لهذه التواريخ,Actuellement en {room} · {n} chambres libres pour ces dates,components\RoomChangeDialog.tsx,room n,translated
Number,Number,,,screens\configs.ts,,needs_translation
Occ %,Occ %,إشغال %,Occ. %,screens\Dashboard.tsx; screens\Reports.tsx,,translated
Occupancy,Occupancy,الإشغال,Occupation,screens\Dashboard.tsx; screens\Reports.tsx; screens\Today.tsx; screens\configs.ts,,translated
Occupants,Occupants,المرافقون,,screens\RegistrationCard.tsx,,missing:fr
Occupants registered ({n} of {pax}),Occupants registered ({n} of {pax}),المرافقون المسجلون ({n} من {pax}),Occupants enregistrés ({n} sur {pax}),screens\RegistrationCard.tsx,n pax,translated
occupied,occupied,مشغولة,occupée,screens\Today.tsx,,translated
Occupied,Occupied,مشغولة,Occupée,screens\HousekeepingBoard.tsx; screens\TapeChart.tsx; screens\Today.tsx,,translated
Occupied ({n}),Occupied ({n}),مشغولة ({n}),Occupées ({n}),screens\POS.tsx,n,translated
of,of,من,sur,screens\Kitchen.tsx,,translated
Of everything decided,Of everything decided,من كل ما تقرر,Sur tout ce qui est décidé,screens\Banquet.tsx,,translated
of which advance,of which advance,منها دفعة مقدمة,dont acompte,screens\RegistrationCard.tsx,,translated
off,off,إيقاف,désactivé,screens\Kitchen.tsx,,translated
on,on,تشغيل,activé,screens\Kitchen.tsx,,translated
On,On,على,Sur,screens\Agents.tsx,,translated
One consolidated company bill across every room of the group,One consolidated company bill across every room of the group,فاتورة شركة موحّدة عبر كل غرف المجموعة,Une seule note société consolidée pour toutes les chambres du groupe,screens\FolioView.tsx,,translated
One listing for the whole property. No room numbers required.,One listing for the whole property. No room numbers required.,قائمة واحدة للعقار بالكامل. لا حاجة لأرقام غرف.,Une seule annonce pour tout l'établissement. Aucun numéro de chambre requis.,screens\Setup.tsx,,translated
Online check-in,Online check-in,تسجيل الوصول عبر الإنترنت,Enregistrement en ligne,screens\PublicCheckin.tsx,,translated
Online check-in {status},Online check-in {status},التسجيل عبر الإنترنت {status},Enregistrement en ligne {status},components\CheckInDialog.tsx; screens\RegistrationCard.tsx,status,translated
Online check-in not sent,Online check-in not sent,لم يُرسل التسجيل عبر الإنترنت,Enregistrement en ligne non envoyé,components\CheckInDialog.tsx,,translated
"Online check-in sent, not filled","Online check-in sent, not filled",أُرسل التسجيل عبر الإنترنت، لم يُملأ,"Enregistrement en ligne envoyé, non rempli",components\CheckInDialog.tsx,,translated
Only {n} left for these dates,Only {n} left for these dates,لم يتبقَّ سوى {n} لهذه التواريخ,Il n'en reste que {n} pour ces dates,screens\PublicBooking.tsx,n,translated
Only if your address proof is a different document from your ID.,Only if your address proof is a different document from your ID.,فقط إذا كان إثبات العنوان مستندًا مختلفًا عن الهوية.,Uniquement si votre justificatif de domicile est un document différent de votre pièce d'identité.,screens\PublicCheckin.tsx,,translated
Open,Open,مفتوح,Ouvrir,screens\configs.ts,,translated
Open bill,Open bill,فتح الفاتورة,Note ouverte,components\BookingDialog.tsx; screens\RegistrationCard.tsx,,translated
"Open bill - take payment, settle, invoice →","Open bill - take payment, settle, invoice →",فتح الفاتورة - تحصيل وتسوية وإصدار ←,"Note ouverte - encaisser, régler, facturer →",screens\RegistrationCard.tsx,,translated
Open Claude and connect this hotel over MCP — scoped to your role,Open Claude and connect this hotel over MCP — scoped to your role,افتح Claude واربط هذا الفندق عبر MCP — ضمن نطاق دورك,Ouvrir Claude et connecter cet hôtel via MCP — limité à votre rôle,screens\Agents.tsx,,translated
Open details,Open details,فتح التفاصيل,Voir les détails,screens\SystemHealth.tsx,,translated
Open folios,Open folios,الفواتير المفتوحة,Folios ouverts,screens\Dashboard.tsx,,translated
Open GRC,Open GRC,فتح بطاقة التسجيل,Ouvrir la fiche de police,components\CheckInDialog.tsx,,translated
Open in Google Maps,Open in Google Maps,افتح في خرائط جوجل,Ouvrir dans Google Maps,screens\PublicBooking.tsx; screens\PublicListing.tsx,,translated
Open Marketplace → HeyKoala WhatsApp,Open Marketplace → HeyKoala WhatsApp,افتح السوق ثم HeyKoala WhatsApp,Ouvrir Place de marché → HeyKoala WhatsApp,screens\Setup.tsx,,translated
Open My Till,Open My Till,فتح صندوقي,Ouvrir ma caisse,screens\Billing.tsx,,translated
Open search,Open search,فتح البحث,Ouvrir la recherche,AppShell.tsx,,translated
Open session,Open session,فتح جلسة,Session ouverte,screens\CashierTill.tsx,,translated
Open stay →,Open stay →,فتح الإقامة ←,Ouvrir le séjour →,screens\WhatsAppChat.tsx,,translated
Open tasks,Open tasks,المهام المفتوحة,Tâches ouvertes,screens\Dashboard.tsx; screens\Today.tsx,,translated
Open the enquiry,Open the enquiry,فتح الاستفسار,Ouvrir la demande,screens\Banquet.tsx,,translated
Open till,Open till,فتح الصندوق,Ouvrir la caisse,screens\CashierTill.tsx,,translated
"Open your till, reconcile cash and close the session under Finance → Cashier. Collections live there now.","Open your till, reconcile cash and close the session under Finance → Cashier. Collections live there now.",افتح صندوقك، طابق النقد وأغلق الجلسة تحت المالية ← أمين الصندوق. التحصيلات هناك الآن.,"Ouvrez votre caisse, rapprochez les espèces et clôturez la session dans Finances → Caisse. Les encaissements se trouvent désormais là.",screens\Billing.tsx,,translated
OpenAI,OpenAI,,,screens\Settings.tsx,,needs_translation
Opened a stay,Opened a stay,فتح إقامة,A ouvert un séjour,screens\Assistant.tsx,,translated
Opening cash,Opening cash,,,screens\configs.ts,,needs_translation
Opening float,Opening float,الرصيد الافتتاحي,Fonds de caisse initial,screens\CashierTill.tsx,,translated
optional,optional,اختياري,facultatif,screens\RegistrationCard.tsx,,translated
Optional code,Optional code,رمز اختياري,Code facultatif,components\BookingDialog.tsx,,translated
Optional: connect HeyKoala WhatsApp,Optional: connect HeyKoala WhatsApp,اختياري: ربط HeyKoala WhatsApp,Facultatif : connecter HeyKoala WhatsApp,screens\Setup.tsx,,translated
Or jump to any screen.,Or jump to any screen.,أو انتقل لأي شاشة.,Ou accédez directement à n'importe quel écran.,components\CommandPalette.tsx,,translated
or paste it below,or paste it below,أو الصقه أدناه,ou collez-le ci-dessous,screens\Setup.tsx,,translated
Or pick another room,Or pick another room,أو اختر غرفة أخرى,Ou choisissez une autre chambre,components\CheckInDialog.tsx,,translated
Order items,Order items,عناصر الطلب,Articles de la commande,screens\POS.tsx,,translated
Order more,Order more,اطلب المزيد,Commander à nouveau,screens\QrMenu.tsx,,translated
Ordered,Ordered,طُلب,Commandé,screens\Kitchen.tsx,,translated
OTA,OTA,OTA,,screens\TapeChart.tsx; screens\Today.tsx; screens\configs.ts,,missing:fr
OTA Room Mappings,OTA Room Mappings,ربط غرف OTA,Correspondances de chambres OTA,lib\apps.ts,,translated
Other,Other,أخرى,Autre,screens\configs.ts,,translated
Other countries run on a simple flat-tax setup - enter the currency code below.,Other countries run on a simple flat-tax setup - enter the currency code below.,الدول الأخرى تعمل بإعداد ضريبة ثابتة بسيط - أدخل رمز العملة أدناه.,Les autres pays fonctionnent avec une taxe unique simple - saisissez le code devise ci-dessous.,screens\Setup.tsx,,translated
Other country,Other country,دولة أخرى,Autre pays,screens\Setup.tsx,,translated
Our Locations,Our Locations,مواقعنا,Nos adresses,screens\PublicBooking.tsx,,translated
Out,Out,,,screens\configs.ts,,needs_translation
Out of order,Out of order,خارج الخدمة,Hors service,screens\Dashboard.tsx,,translated
Out of Order,Out of Order,خارج الخدمة,Hors service,screens\Today.tsx; screens\configs.ts,,translated
Outlet,Outlet,,,screens\configs.ts,,needs_translation
Outlet name,Outlet name,,,screens\configs.ts,,needs_translation
Outlets,Outlets,المنافذ,Points de vente,lib\apps.ts,,translated
Outside the fee window - cancellation is free.,Outside the fee window - cancellation is free.,خارج نافذة الرسوم - الإلغاء مجاني.,Hors délai de facturation - l'annulation est gratuite.,components\CancelPanel.tsx,,translated
Outstanding,Outstanding,مستحق,Encours,screens\Banquet.tsx; screens\Dashboard.tsx,,translated
Overbooking allowance %,Overbooking allowance %,,,screens\Settings.tsx,,needs_translation
overdue,overdue,متأخر,en retard,screens\HkApp.tsx; screens\Laundry.tsx; screens\Tickets.tsx,,translated
Overdue,Overdue,متأخر,En retard,screens\Dashboard.tsx,,translated
overnight stay,overnight stay,إقامة ليلية,nuitée,screens\TapeChart.tsx,,translated
Overview,Overview,نظرة عامة,Vue d'ensemble,screens\SystemHealth.tsx,,translated
owes {cur}{amount},owes {cur}{amount},مستحق عليه {cur}{amount},doit {cur}{amount},screens\FolioView.tsx,cur amount,translated
Owner,Owner,المالك,Propriétaire,screens\configs.ts,,translated
Page {n},Page {n},صفحة {n},Page {n},components\ResourceScreen.tsx,n,translated
Page not found.,Page not found.,الصفحة غير موجودة.,Page introuvable.,App.tsx,,translated
Paid,Paid,مدفوع,Réglé,screens\FolioView.tsx; screens\RegistrationCard.tsx; screens\Today.tsx,,translated
Paid {cur},Paid {cur},مدفوع {cur},Réglé {cur},screens\Billing.tsx,cur,translated
Paid in full.,Paid in full.,مدفوع بالكامل.,Intégralement réglé.,components\BookingDialog.tsx,,translated
Paid out,Paid out,مدفوع للخارج,Décaissement,screens\CashierTill.tsx,,translated
Paid outs,Paid outs,مدفوعات للخارج,Décaissements,screens\CashierTill.tsx,,translated
Park this stay with no room; promote when inventory frees,Park this stay with no room; promote when inventory frees,علّق هذه الإقامة بلا غرفة؛ رقِّها عند توفر المخزون,Mettre ce séjour en attente sans chambre ; le promouvoir dès qu'une chambre se libère,components\BookingDialog.tsx,,translated
Parked with no room. Promote it from the reservation when a room frees. Auto-purges 2 days after departure.,Parked with no room. Promote it from the reservation when a room frees. Auto-purges 2 days after departure.,معلّقة بلا غرفة. رقِّها من الحجز عند توفر غرفة. تُحذف تلقائياً بعد يومين من المغادرة.,En attente sans chambre. Promouvez-le depuis la réservation dès qu'une chambre se libère. Purge automatique 2 jours après le départ.,components\BookingDialog.tsx,,translated
Part paid,Part paid,مدفوع جزئيًا,Partiellement réglé,components\DepositPanel.tsx,,translated
"Part to move (percent, or {cur} before GST)","Part to move (percent, or {cur} before GST)",الجزء للنقل (نسبة، أو {cur} قبل الضريبة),"Part à transférer (pourcentage, ou {cur} hors taxe)",screens\FolioView.tsx,cur,translated
Party,Party,العدد,Nombre de personnes,screens\POS.tsx,,translated
Pass an allowance,Pass an allowance,تمرير بدل,Accorder un geste commercial,screens\FolioView.tsx,,translated
Passed,Passed,ناجح,Réussi,screens\SystemHealth.tsx,,translated
Password,Password,كلمة المرور,Mot de passe,screens\Login.tsx,,translated
Paste an sk-… key,Paste an sk-… key,,,screens\Settings.tsx,,needs_translation
Pax,Pax,عدد الضيوف,,screens\Banquet.tsx; screens\configs.ts,,missing:fr
Pax / plan,Pax / plan,الضيوف / الخطة,Pax / arrangement,screens\FolioView.tsx,,translated
Pay at hotel,Pay at hotel,الدفع في الفندق,Paiement à l'hôtel,screens\Setup.tsx,,translated
Payment,Payment,الدفع,Paiement,components\BookingDialog.tsx,,translated
Payment link,Payment link,رابط الدفع,Lien de paiement,screens\FolioView.tsx,,translated
Payment mode,Payment mode,طريقة الدفع,Mode de paiement,components\BookingDialog.tsx; components\DepositPanel.tsx,,translated
Payments,Payments,المدفوعات,Paiements,lib\apps.ts; screens\BookingEngine.tsx; screens\FolioView.tsx,,translated
Payments are handled by the hotel's payment gateway; the hotel does not see your card.,Payments are handled by the hotel's payment gateway; the hotel does not see your card.,تتم المدفوعات عبر بوابة الدفع الخاصة بالفندق؛ ولا يطّلع الفندق على بطاقتك.,Les paiements sont traités par la plateforme de paiement de l'hôtel ; l'hôtel ne voit pas votre carte.,components\PrivacyNotice.tsx,,translated
"Payments, invoices, allowances and settlements re-confirm who is acting with a personal PIN - agents are exempt (the action log covers them). Admin can reset a user's PIN from the Cashier PIN Reset panel below.","Payments, invoices, allowances and settlements re-confirm who is acting with a personal PIN - agents are exempt (the action log covers them). Admin can reset a user's PIN from the Cashier PIN Reset panel below.",,,screens\Settings.tsx,,needs_translation
Payouts,Payouts,,,screens\configs.ts,,needs_translation
Pending,Pending,قيد الانتظار,En attente,screens\configs.ts,,translated
People only,People only,الأشخاص فقط,Personnes uniquement,screens\Agents.tsx,,translated
Per property policy,Per property policy,حسب سياسة العقار,Selon les conditions de l'établissement,screens\PublicBooking.tsx,,translated
Per-item prices the app quotes and bills from. Blank express = 1.5× the normal rate.,Per-item prices the app quotes and bills from. Blank express = 1.5× the normal rate.,أسعار لكل بند يقتبسها التطبيق ويفوتر منها. المستعجل الفارغ = 1.5× السعر العادي.,"Prix à l'article sur lesquels l'application chiffre et facture. Express vide = 1,5× le tarif normal.",screens\Laundry.tsx,,translated
"Per-night levy on the room rate - municipality fee, city or tourism tax.","Per-night levy on the room rate - municipality fee, city or tourism tax.",رسم عن كل ليلة على سعر الغرفة - رسم بلدي أو ضريبة مدينة أو ضريبة سياحة.,"Taxe par nuit sur le tarif de la chambre - redevance communale, taxe de séjour ou taxe touristique.",screens\Settings.tsx,,translated
Percent,Percent,نسبة مئوية,Pourcentage,screens\Settings.tsx; screens\configs.ts,,translated
"Percent of the room rate, or a flat amount per person per night (taxe de sejour).","Percent of the room rate, or a flat amount per person per night (taxe de sejour).",نسبة من سعر الغرفة، أو مبلغ ثابت لكل شخص في الليلة (رسم الإقامة).,"Pourcentage du tarif de la chambre, ou un montant fixe par personne et par nuit (taxe de séjour).",screens\Settings.tsx,,translated
Permanent Cloud API token - stored encrypted,Permanent Cloud API token - stored encrypted,,,screens\configs.ts,,needs_translation
Pets Policy,Pets Policy,سياسة الحيوانات الأليفة,Politique animaux,screens\PublicBooking.tsx,,translated
Pets Policy:,Pets Policy:,سياسة الحيوانات الأليفة:,Politique animaux :,screens\PublicCheckin.tsx; screens\PublicListing.tsx,,translated
Petty cash,Petty cash,النثرية,Petite caisse,screens\CashierTill.tsx,,translated
Petty Cash,Petty Cash,النثرية,Petite caisse,lib\apps.ts,,translated
Petty cash →,Petty cash →,النثرية ←,Petite caisse →,screens\CashierTill.tsx,,translated
Phone,Phone,الهاتف,Téléphone,components\BookingDialog.tsx; components\CheckInDialog.tsx; screens\Banquet.tsx; screens\CRS.tsx; screens\Guests.tsx; screens\POS.tsx; screens\PublicBooking.tsx; screens\PublicListing.tsx; screens\RegistrationCard.tsx; screens\Settings.tsx; screens\Setup.tsx; screens\configs.ts,,translated
Phone App,Phone App,تطبيق الهاتف,Application mobile,lib\apps.ts,,translated
Phone number (display),Phone number (display),,,screens\configs.ts,,needs_translation
Photo,Photo,,,screens\configs.ts,,needs_translation
Photo Gallery,Photo Gallery,معرض الصور,Galerie photo,screens\PublicBooking.tsx,,translated
Photos,Photos,الصور,Photos,lib\apps.ts; screens\BookingEngine.tsx,,translated
Pick a hall.,Pick a hall.,اختر قاعة.,Choisissez une salle.,screens\Banquet.tsx,,translated
"Pick a listing below to reserve, or scroll the options on the left.","Pick a listing below to reserve, or scroll the options on the left.",اختر عرضاً أدناه للحجز، أو تصفّح الخيارات المعروضة.,"Choisissez une annonce ci-dessous pour réserver, ou parcourez les options affichées.",screens\PublicListing.tsx,,translated
Pick a room,Pick a room,اختر غرفة,Choisir une chambre,components\CheckInDialog.tsx; components\RoomChangeDialog.tsx,,translated
"Pick a villa, then choose a room or the whole house.","Pick a villa, then choose a room or the whole house.",اختر فيلا، ثم اختر غرفة أو المنزل بالكامل.,"Choisissez une villa, puis une chambre ou la maison entière.",screens\PublicBooking.tsx,,translated
Pick the ID type too.,Pick the ID type too.,اختر نوع الهوية أيضاً.,Sélectionnez aussi le type de pièce d'identité.,components\BookingDialog.tsx,,translated
Pickup requests,Pickup requests,طلبات الاستلام,Demandes de collecte,screens\Laundry.tsx,,translated
Pieces,Pieces,قطع,Pièces,screens\Laundry.tsx,,translated
PIN code,PIN code,الرمز البريدي,Code PIN,screens\Settings.tsx,,translated
Place of supply,Place of supply,مكان التوريد,Lieu de prestation,screens\FolioView.tsx,,translated
Place order,Place order,إرسال الطلب,Passer la commande,screens\QrMenu.tsx,,translated
Places to stay,Places to stay,أماكن الإقامة,Où séjourner,screens\PublicBooking.tsx,,translated
Policies,Policies,السياسات,Conditions,lib\apps.ts; screens\BookingEngine.tsx,,translated
Poolside,Poolside,,,screens\configs.ts,,needs_translation
Position,Position,الموقع,Poste,screens\TapeChart.tsx,,translated
Post,Post,ترحيل,Imputer,screens\CashierTill.tsx; screens\FolioView.tsx,,translated
Post {amount},Post {amount},ترحيل {amount},Imputer {amount},screens\HkApp.tsx,amount,translated
Post a charge,Post a charge,ترحيل رسوم,Imputer une prestation,screens\FolioView.tsx,,translated
Post future room & tax ahead of night audit,Post future room & tax ahead of night audit,ترحيل غرفة وضريبة مستقبلية قبل تدقيق الليل,Imputer la chambre et la taxe à venir avant l'audit de nuit,screens\FolioView.tsx,,translated
Post to room {num},Post to room {num},ترحيل إلى غرفة {num},Imputer à la chambre {num},screens\HkApp.tsx,num,translated
Postal code,Postal code,,,screens\Settings.tsx,,needs_translation
Posted,Posted,مُرحَّل,Imputé,screens\Laundry.tsx,,translated
Posted {amount} {type} to room {num}.,Posted {amount} {type} to room {num}.,تم ترحيل {amount} {type} إلى غرفة {num}.,{amount} de {type} imputés à la chambre {num}.,screens\HkApp.tsx,amount type num,translated
"posted {n} room night{s} ({amount}), opened {folios} folio{s2}, flagged {noShows} no-show{s3}.","posted {n} room night{s} ({amount}), opened {folios} folio{s2}, flagged {noShows} no-show{s3}.",رحّل {n} ليلة غرفة{s} ({amount})، فتح {folios} فاتورة{s2}، علّم {noShows} لم يحضر{s3}.,"{n} nuitée{s} imputée{s} ({amount}), {folios} folio{s2} ouvert{s2}, {noShows} non-présentation{s3} signalée{s3}.",screens\Billing.tsx,n s amount folios s2 noShows s3,translated
Posted a charge,Posted a charge,قيّد رسمًا,A imputé un frais,screens\Assistant.tsx,,translated
Posted automatically by the night audit,Posted automatically by the night audit,,,screens\Settings.tsx,,needs_translation
Posts tonight's room charges for every in-house guest and flags no-shows. Runs automatically at 3 AM; run it manually anytime.,Posts tonight's room charges for every in-house guest and flags no-shows. Runs automatically at 3 AM; run it manually anytime.,يرحّل رسوم غرف الليلة لكل ضيف داخل الفندق ويعلّم من لم يحضر. يعمل تلقائياً الساعة 3 صباحاً؛ شغّله يدوياً في أي وقت.,Impute les prestations chambre de la nuit pour chaque client en séjour et signale les non-présentations. S'exécute automatiquement à 3 h ; lancez-le manuellement à tout moment.,screens\Billing.tsx,,translated
Powered by ZIRI PMS,Powered by ZIRI PMS,مدعوم بـ ZIRI PMS - نظام إدارة الفنادق مفتوح المصدر الجاهز للوكلاء,"Propulsé par ZIRI PMS - le PMS hôtelier open source, prêt pour les agents",screens\PublicBooking.tsx,,translated
Pre-checked-in,Pre-checked-in,تم التسجيل المسبق,Pré-enregistré,screens\Today.tsx,,translated
Pre-tax,Pre-tax,,,screens\configs.ts,,needs_translation
Prep station,Prep station,,,screens\configs.ts,,needs_translation
Prev,Prev,السابق,Préc.,components\ResourceScreen.tsx,,translated
Preview import,Preview import,معاينة الاستيراد,Aperçu de l'import,screens\Setup.tsx,,translated
Previous,Previous,السابق,Précédent,screens\TapeChart.tsx,,translated
Price,Price,,,screens\configs.ts,,needs_translation
Price menu,Price menu,قائمة الأسعار,Grille tarifaire,screens\Laundry.tsx,,translated
Price per adult / night,Price per adult / night,,,screens\configs.ts,,needs_translation
Price per child / night,Price per child / night,,,screens\configs.ts,,needs_translation
Priced the stay,Priced the stay,سعّر الإقامة,A chiffré le séjour,screens\Assistant.tsx,,translated
Print,Print,طباعة,Imprimer,screens\Reports.tsx,,translated
Print / share the confirmation letter,Print / share the confirmation letter,طباعة / مشاركة رسالة التأكيد,Imprimer / partager la lettre de confirmation,components\CancelPanel.tsx,,translated
Print bill,Print bill,طباعة الفاتورة,Imprimer la note,screens\POS.tsx,,translated
Print folio,Print folio,طباعة الفاتورة,Imprimer le folio,screens\FolioView.tsx,,translated
Print GRC,Print GRC,طباعة بطاقة التسجيل,Imprimer la fiche de police,screens\RegistrationCard.tsx,,translated
Print invoice,Print invoice,طباعة الفاتورة,Imprimer la facture,screens\FolioView.tsx,,translated
Priority,Priority,الأولوية,Priorité,screens\Tickets.tsx; screens\configs.ts,,translated
Privacy contact (Grievance Officer),Privacy contact (Grievance Officer),,,screens\Settings.tsx,,needs_translation
Privacy notice,Privacy notice,إشعار الخصوصية,Politique de confidentialité,components\PrivacyNotice.tsx,,translated
Private,Private,خاص,Privé,screens\Setup.tsx; screens\configs.ts,,translated
Product Launch,Product Launch,,,screens\configs.ts,,needs_translation
Production,Production,,,screens\Settings.tsx,,needs_translation
Proforma,Proforma,فاتورة أولية,Proforma,screens\FolioView.tsx,,translated
Promo code,Promo code,رمز العرض,Code promo,screens\PublicBooking.tsx,,translated
Promoted from waitlist,Promoted from waitlist,رقّى من قائمة الانتظار,A promu depuis la liste d'attente,screens\Assistant.tsx,,translated
Properties,Properties,العقارات,Établissements,screens\Dashboard.tsx,,translated
Property,Property,العقار,Établissement,AppShell.tsx; screens\Dashboard.tsx,,translated
Property ID,Property ID,,,screens\configs.ts,,needs_translation
Property kind,Property kind,نوع العقار,Type d'établissement,screens\Settings.tsx,,translated
Property name,Property name,اسم العقار,Nom de l'établissement,screens\Settings.tsx,,translated
Property name *,Property name *,اسم العقار *,Nom de l'établissement *,screens\Setup.tsx,,translated
"property-specific guidance - upsell priorities, tone","property-specific guidance - upsell priorities, tone",توجيهات خاصة بالعقار - أولويات البيع الإضافي والنبرة,"consignes propres à l'établissement - priorités de montée en gamme, ton",screens\Settings.tsx,,translated
Provider,Provider,المزوّد,Fournisseur,screens\Settings.tsx; screens\configs.ts,,translated
Provider rate ID,Provider rate ID,,,screens\configs.ts,,needs_translation
Provider rate plan ID,Provider rate plan ID,,,screens\configs.ts,,needs_translation
Provider room ID,Provider room ID,,,screens\configs.ts,,needs_translation
Provider's property ID,Provider's property ID,,,screens\configs.ts,,needs_translation
Provisional Bill,Provisional Bill,فاتورة مؤقتة,Note provisoire,screens\FolioView.tsx,,translated
Public booking page (/book),Public booking page (/book),,,screens\Settings.tsx,,needs_translation
Public listing URL slug (/stay/…),Public listing URL slug (/stay/…),,,screens\configs.ts,,needs_translation
"QR code, UBL XML and hash chain on every invoice, credit note and paid outlet bill.","QR code, UBL XML and hash chain on every invoice, credit note and paid outlet bill.",,,screens\Settings.tsx,,needs_translation
Queen,Queen,,,screens\configs.ts,,needs_translation
Quote,Quote,عرض سعر,Devis,components\BookingDialog.tsx; screens\banquet\Steps.tsx,,translated
Quote 2 nights in a Deluxe for 2 adults from this Friday.,Quote 2 nights in a Deluxe for 2 adults from this Friday.,سعّر ليلتين في غرفة ديلوكس لشخصين بالغين ابتداءً من الجمعة.,Chiffre 2 nuits en Deluxe pour 2 adultes à partir de ce vendredi.,screens\Assistant.tsx,,translated
Quote a double room for this weekend,Quote a double room for this weekend,سعّر غرفة مزدوجة لنهاية هذا الأسبوع,Fais un devis pour une chambre double ce week-end,components\AssistantPanel.tsx,,translated
Quote total,Quote total,,,screens\configs.ts,,needs_translation
Rail,Rail,,,screens\configs.ts,,needs_translation
ran {when},ran {when},شُغّل {when},exécuté {when},screens\Billing.tsx,when,translated
Rate,Rate,السعر,Tarif,screens\Laundry.tsx,,translated
Rate {cur},Rate {cur},السعر {cur},Tarif {cur},screens\Laundry.tsx,cur,translated
Rate Plans,Rate Plans,خطط الأسعار,Plans tarifaires,lib\apps.ts,,translated
Razorpay,Razorpay,,,screens\Settings.tsx,,needs_translation
RC (Registre de Commerce),RC (Registre de Commerce),RC (السجل التجاري),RC (Registre de Commerce),screens\Settings.tsx,,translated
Read the day's numbers,Read the day's numbers,قرأ أرقام اليوم,A lu les chiffres du jour,screens\Assistant.tsx,,translated
ready,ready,جاهز,prêt,screens\Kitchen.tsx,,translated
Ready,Ready,جاهز,Prêt,screens\Kitchen.tsx,,translated
Ready / unpaid,Ready / unpaid,جاهز / غير مدفوع,Prêt / non réglé,screens\POS.tsx,,translated
Ready by,Ready by,جاهز بحلول,Prêt pour,screens\Laundry.tsx,,translated
Reason,Reason,السبب,Motif,components\CancelPanel.tsx; components\RoomChangeDialog.tsx; screens\CashierTill.tsx; screens\FolioView.tsx; screens\configs.ts,,translated
"Reason (guest declined, duplicate…)","Reason (guest declined, duplicate…)",السبب (رفض الضيف، مكرر…),"Motif (client a refusé, doublon…)",screens\Laundry.tsx,,translated
Reason (optional),Reason (optional),السبب (اختياري),Motif (facultatif),screens\HkApp.tsx,,translated
Reason (required - goes on the record),Reason (required - goes on the record),السبب (مطلوب - يُسجَّل),Motif (obligatoire - conservé au dossier),screens\FolioView.tsx,,translated
Reason (required — e.g. deposit returned),Reason (required — e.g. deposit returned),السبب (مطلوب — مثل إعادة العربون),Motif (obligatoire — par ex. caution restituée),screens\FolioView.tsx,,translated
Reason (required),Reason (required),السبب (مطلوب),Motif (obligatoire),screens\FolioView.tsx,,translated
Recall,Recall,استدعاء,Rappeler,screens\Kitchen.tsx,,translated
receivable,receivable,مستحقات,créance,screens\Dashboard.tsx,,translated
Received,Received,المستلم,Reçu,components\DepositPanel.tsx; screens\configs.ts,,translated
Recent,Recent,حديث,Récent,screens\Laundry.tsx,,translated
Recent laundry billing,Recent laundry billing,فوترة غسيل حديثة,Facturations de blanchisserie récentes,screens\Laundry.tsx,,translated
Recent runs,Recent runs,تشغيلات حديثة,Exécutions récentes,screens\Billing.tsx,,translated
Recent transactions,Recent transactions,معاملات حديثة,Opérations récentes,screens\CashierTill.tsx,,translated
Reception,Reception,,,screens\configs.ts,,needs_translation
Record,Record,تسجيل,Enregistrer,screens\FolioView.tsx,,translated
Record {amt},Record {amt},تسجيل {amt},Enregistrer {amt},components\DepositPanel.tsx,amt,translated
Record a payment,Record a payment,تسجيل دفعة,Enregistrer un règlement,screens\FolioView.tsx,,translated
Record payment,Record payment,تسجيل دفعة,Enregistrer le règlement,components\DepositPanel.tsx,,translated
Recorded a payment,Recorded a payment,سجّل دفعة,A enregistré un paiement,screens\Assistant.tsx,,translated
Ref,Ref,مرجع,Réf.,screens\CashierTill.tsx; screens\configs.ts,,translated
Reference,Reference,المرجع,Référence,components\BookingDialog.tsx; screens\Agents.tsx,,translated
Reference (optional),Reference (optional),مرجع (اختياري),Référence (facultatif),screens\FolioView.tsx,,translated
Refresh,Refresh,تحديث,Actualiser,screens\HkApp.tsx; screens\HousekeepingBoard.tsx; screens\Kitchen.tsx; screens\SystemHealth.tsx,,translated
Refund,Refund,استرداد,Remboursement,screens\FolioView.tsx,,translated
Refund money (deposit return / over-collection),Refund money (deposit return / over-collection),استرداد مال (إعادة عربون / تحصيل زائد),Rembourser (restitution de caution / trop-perçu),screens\FolioView.tsx,,translated
Refundable deposit {amount} due separately,Refundable deposit {amount} due separately,تأمين قابل للاسترداد قدره {amount} يُدفع بشكل منفصل,Caution remboursable de {amount} à régler séparément,screens\PublicBooking.tsx,amount,translated
Registers,Registers,السجلات,Registres,lib\apps.ts,,translated
Registration,Registration,التسجيل,Enregistrement,components\CheckInDialog.tsx,,translated
Registration card,Registration card,بطاقة التسجيل,Fiche de police,screens\RegistrationCard.tsx,,translated
Registration card - your signature,Registration card - your signature,بطاقة التسجيل - توقيعك,Fiche de police - votre signature,screens\PublicCheckin.tsx,,translated
Registration checklist,Registration checklist,قائمة التسجيل,Liste de contrôle de l'enregistrement,screens\RegistrationCard.tsx,,translated
Release notes,Release notes,ملاحظات الإصدار,Notes de version,screens\SystemHealth.tsx,,translated
Released,Released,محرَّر,Libéré,screens\configs.ts,,translated
"Released to guests only after payment, deposit, and optional pre-check-in gates","Released to guests only after payment, deposit, and optional pre-check-in gates",,,screens\Settings.tsx,,needs_translation
Remove,Remove,إزالة,Retirer,screens\HkApp.tsx; screens\Setup.tsx,,translated
Remove & retake,Remove & retake,إزالة وإعادة التصوير,Supprimer et reprendre,screens\PublicCheckin.tsx,,translated
Remove one,Remove one,إزالة واحد,Retirer une unité,screens\PublicBooking.tsx; screens\QrMenu.tsx,,translated
Rental GST %,Rental GST %,,,screens\configs.ts,,needs_translation
Replace,Replace,استبدال,Remplacer,screens\RegistrationCard.tsx,,translated
Reply to the guest…,Reply to the guest…,الرد على الضيف…,Répondre au client…,screens\WhatsAppChat.tsx,,translated
Report date,Report date,تاريخ التقرير,Date du rapport,screens\Reports.tsx,,translated
Reports,Reports,التقارير,Rapports,lib\apps.ts,,translated
Reprint KOT,Reprint KOT,إعادة طباعة أمر المطبخ,Réimprimer le KOT,screens\POS.tsx,,translated
Request implementation,Request implementation,طلب التنفيذ,Demander la mise en place,screens\Marketplace.tsx,,translated
Request to book,Request to book,اطلب الحجز,Demander à réserver,screens\PublicBooking.tsx; screens\PublicListing.tsx,,translated
Request to Book,Request to Book,,,screens\Settings.tsx,,needs_translation
Requests,Requests,الطلبات,Demandes,screens\RegistrationCard.tsx,,translated
Require cashier PIN on money actions,Require cashier PIN on money actions,,,screens\Settings.tsx,,needs_translation
Require pre-check-in for access,Require pre-check-in for access,,,screens\Settings.tsx,,needs_translation
Res,Res,حجز,Rés.,screens\POS.tsx,,translated
Reservation,Reservation,حجز,Réservation,components\BookingDialog.tsx; screens\configs.ts,,translated
Reservations,Reservations,الحجوزات,Réservations,components\CommandPalette.tsx; lib\apps.ts; screens\RegistrationCard.tsx,,translated
Reserve,Reserve,احجز,Réserver,screens\POS.tsx; screens\PublicListing.tsx,,translated
Resolve,Resolve,حل,Résoudre,screens\Tickets.tsx,,translated
Resolved,Resolved,محلول,Résolu,screens\Tickets.tsx,,translated
Restaurant,Restaurant,,,screens\configs.ts,,needs_translation
Restaurant POS,Restaurant POS,نقطة بيع المطعم,Caisse restaurant,lib\apps.ts; screens\POS.tsx,,translated
Result,Result,,,screens\configs.ts,,needs_translation
Retell,Retell,,,screens\configs.ts,,needs_translation
Return & deliver,Return & deliver,إرجاع وتسليم,Retourner et livrer,screens\Laundry.tsx,,translated
Return to room {room},Return to room {room},إرجاع إلى غرفة {room},Retour à la chambre {room},screens\Laundry.tsx,room,translated
Returned,Returned,,,screens\configs.ts,,needs_translation
Returned on,Returned on,,,screens\configs.ts,,needs_translation
Returning guest · {n} stay{s},Returning guest · {n} stay{s},ضيف عائد · {n} إقامة{s},Client fidèle · {n} séjour{s},components\BookingDialog.tsx,n s,translated
Revenue,Revenue,الإيرادات,Chiffre d'affaires,screens\Dashboard.tsx; screens\Laundry.tsx; screens\Login.tsx; screens\Today.tsx,,translated
Revenue (day),Revenue (day),الإيرادات (اليوم),Chiffre d'affaires (jour),screens\Reports.tsx,,translated
Revenue {cur},Revenue {cur},الإيرادات {cur},Chiffre d'affaires {cur},screens\Reports.tsx,cur,translated
Revenue Reports,Revenue Reports,تقارير الإيرادات,Rapports de chiffre d'affaires,lib\apps.ts,,translated
Review,Review,مراجعة,À vérifier,screens\TapeChart.tsx,,translated
RevPAR,RevPAR,إيراد لكل غرفة متاحة,,screens\Dashboard.tsx; screens\Reports.tsx,,missing:fr
RevPAR {amount},RevPAR {amount},إيراد لكل غرفة {amount},RevPAR {amount},screens\Today.tsx,amount,translated
RevPAR {cur},RevPAR {cur},إيراد لكل غرفة {cur},,screens\Reports.tsx,cur,missing:fr
RevPAX,RevPAX,إيراد لكل ضيف,,screens\Reports.tsx,,missing:fr
RevPAX = total guest spend (room + F&B + experiences + extras) per in-house guest - the ancillary revenue RevPAR can't see.,RevPAX = total guest spend (room + F&B + experiences + extras) per in-house guest - the ancillary revenue RevPAR can't see.,إيراد لكل ضيف = إجمالي إنفاق الضيف (غرفة + مأكولات + تجارب + إضافات) لكل ضيف داخل الفندق - الإيراد الإضافي الذي لا يراه متوسط الغرفة.,RevPAX = dépense totale (chambre + restauration + expériences + extras) par client en séjour - le chiffre d'affaires annexe que le RevPAR ne voit pas.,screens\Reports.tsx,,translated
Rooftop,Rooftop,,,screens\configs.ts,,needs_translation
Room,Room,غرفة,Chambre,components\BookingDialog.tsx; components\CheckInDialog.tsx; screens\FolioView.tsx; screens\Laundry.tsx; screens\RegistrationCard.tsx; screens\TapeChart.tsx; screens\Tickets.tsx; screens\Today.tsx; screens\configs.ts,,translated
Room (optional),Room (optional),الغرفة (اختياري),Chambre (facultatif),screens\HkApp.tsx,,translated
Room {n},Room {n},غرفة {n},Chambre {n},screens\Laundry.tsx; screens\QrMenu.tsx; screens\TapeChart.tsx; screens\Tickets.tsx; screens\Today.tsx,n,translated
Room {n} assigned.,Room {n} assigned.,تم تعيين غرفة {n}.,Chambre {n} attribuée.,components\BookingDialog.tsx,n,translated
Room {num},Room {num},غرفة {num},Chambre {num},components\CheckInDialog.tsx,num,translated
Room {num} is assigned,Room {num} is assigned,غرفة {num} مخصصة,La chambre {num} est attribuée,components\CheckInDialog.tsx,num,translated
room {room} · F&B {fnb} · other {other},room {room} · F&B {fnb} · other {other},غرفة {room} · مأكولات {fnb} · أخرى {other},chambre {room} · restauration {fnb} · autre {other},screens\Reports.tsx,room fnb other,translated
Room Blocks,Room Blocks,حجب الغرف,Blocages de chambres,lib\apps.ts,,translated
Room board,Room board,لوحة الغرف,Tableau des chambres,screens\Today.tsx,,translated
Room Board,Room Board,لوحة الغرف,Tableau des chambres,lib\apps.ts; screens\HousekeepingBoard.tsx,,translated
Room clean,Room clean,الغرفة نظيفة,Chambre propre,screens\HkApp.tsx,,translated
Room levy %,Room levy %,نسبة رسم الإقامة,Taxe de séjour %,screens\Settings.tsx,,translated
Room levy amount (per person / night),Room levy amount (per person / night),مبلغ رسم الإقامة (لكل شخص / ليلة),Montant de la taxe de séjour (par personne / nuit),screens\Settings.tsx,,translated
Room levy basis,Room levy basis,أساس رسم الإقامة,Base de la taxe de séjour,screens\Settings.tsx,,translated
Room levy name,Room levy name,اسم رسم الإقامة,Nom de la taxe de séjour,screens\Settings.tsx,,translated
Room no.,Room no.,رقم الغرفة,N° de chambre,components\RoomChangeDialog.tsx,,translated
Room number,Room number,رقم الغرفة,Numéro de chambre,screens\configs.ts,,translated
"Room numbers per type, comma-separated.","Room numbers per type, comma-separated.",أرقام الغرف لكل نوع، مفصولة بفواصل.,"Numéros de chambre par type, séparés par des virgules.",screens\Setup.tsx,,translated
Room only,Room only,غرفة فقط,Chambre seule,components\BookingDialog.tsx; screens\PublicBooking.tsx,,translated
Room Only,Room Only,,,screens\Setup.tsx,,needs_translation
room rate / room sold,room rate / room sold,سعر الغرفة / غرفة مباعة,prix chambre / chambre vendue,screens\Reports.tsx,,translated
room rev / room,room rev / room,إيراد الغرفة / غرفة,CA chambre / chambre,screens\Reports.tsx,,translated
Room Service,Room Service,خدمة الغرف,Service en chambre,screens\configs.ts,,translated
Room type,Room type,نوع الغرفة,Type de chambre,components\BookingDialog.tsx; screens\configs.ts,,translated
Room Type,Room Type,,,screens\configs.ts,,needs_translation
Room type (blank = all),Room type (blank = all),,,screens\configs.ts,,needs_translation
Room Type Code (e.g. STD),Room Type Code (e.g. STD),رمز نوع الغرفة (مثل STD),Code du type de chambre (ex. STD),screens\Setup.tsx,,translated
Room Type Name (e.g. Standard Room),Room Type Name (e.g. Standard Room),اسم نوع الغرفة (مثل غرفة قياسية),Nom du type de chambre (ex. Chambre standard),screens\Setup.tsx,,translated
Room types,Room types,أنواع الغرف,Types de chambres,components\RoomChangeDialog.tsx,,translated
Room Types,Room Types,أنواع الغرف,Types de chambres,lib\apps.ts,,translated
Room…,Room…,غرفة…,Chambre…,screens\Laundry.tsx,,translated
Rooms,Rooms,الغرف,Chambres,components\BookingDialog.tsx; lib\apps.ts; screens\HkApp.tsx; screens\HousekeepingBoard.tsx,,translated
"Rooms are matched to each guest's type and preferences. Assigning places them now; ""Review"" flags a choice worth a second look.","Rooms are matched to each guest's type and preferences. Assigning places them now; ""Review"" flags a choice worth a second look.","تُطابق الغرف نوع كل ضيف وتفضيلاته. التعيين يضعهم الآن؛ ""مراجعة"" تعلّم اختياراً يستحق نظرة ثانية.",Les chambres sont appariées au type et aux préférences de chaque client. Attribuer les place immédiatement ; « À vérifier » signale un choix à réexaminer.,screens\TapeChart.tsx,,translated
Rooms here: {rooms},Rooms here: {rooms},الغرف هنا: {rooms},Chambres ici : {rooms},screens\PublicBooking.tsx,rooms,translated
Rooms ready from {time},Rooms ready from {time},الغرف جاهزة من {time},Chambres disponibles à partir de {time},screens\PublicCheckin.tsx,time,translated
Rooms sold,Rooms sold,غرف مباعة,Chambres vendues,screens\Dashboard.tsx,,translated
Run night audit,Run night audit,تشغيل تدقيق الليل,Lancer l'audit de nuit,screens\Billing.tsx,,translated
Running tables,Running tables,طاولات شغّالة,Tables en cours,screens\POS.tsx,,translated
Running…,Running…,جارٍ التشغيل…,Exécution…,screens\Billing.tsx,,translated
SAC,SAC,SAC,,screens\FolioView.tsx,,missing:fr
Same type,Same type,نفس النوع,Même type,components\RoomChangeDialog.tsx,,translated
Sandbox,Sandbox,,,screens\Settings.tsx,,needs_translation
Sangeet,Sangeet,,,screens\configs.ts,,needs_translation
Save,Save,حفظ,Enregistrer,components\ResourceScreen.tsx; screens\Laundry.tsx; screens\Settings.tsx,,translated
"Save time at the desk - fill your details now, show the ID once on arrival.","Save time at the desk - fill your details now, show the ID once on arrival.",وفّر وقتك عند الاستقبال - أدخل بياناتك الآن، وأظهر هويتك مرة واحدة عند الوصول.,"Gagnez du temps à la réception - renseignez vos informations maintenant, présentez votre pièce d'identité à l'arrivée.",screens\PublicCheckin.tsx,,translated
Saved,Saved,تم الحفظ,Enregistré,screens\Settings.tsx,,translated
Saving…,Saving…,جارٍ الحفظ…,Enregistrement…,components\DepositPanel.tsx; components\ResourceScreen.tsx; screens\PublicCheckin.tsx; screens\RegistrationCard.tsx; screens\Settings.tsx,,translated
Search,Search,بحث,Rechercher,screens\CRS.tsx,,translated
"Search a guest, phone, booking or invoice.","Search a guest, phone, booking or invoice.",ابحث عن ضيف أو هاتف أو حجز أو فاتورة.,"Recherchez un client, un téléphone, une réservation ou une facture.",components\CommandPalette.tsx,,translated
"Search a guest, phone, booking, invoice - or jump to any screen…","Search a guest, phone, booking, invoice - or jump to any screen…",ابحث عن ضيف أو هاتف أو حجز أو فاتورة - أو انتقل لأي شاشة…,"Recherchez un client, un téléphone, une réservation, une facture - ou accédez à n'importe quel écran…",components\CommandPalette.tsx,,translated
Search menu items…,Search menu items…,بحث في عناصر القائمة…,Rechercher dans la carte…,screens\POS.tsx,,translated
"Search reservations, guests, rooms…","Search reservations, guests, rooms…",ابحث عن الحجوزات والضيوف والغرف…,"Rechercher réservations, clients, chambres…",AppShell.tsx,,translated
Search room number,Search room number,ابحث برقم الغرفة,Rechercher un numéro de chambre,components\RoomChangeDialog.tsx,,translated
Search table…,Search table…,بحث في الجدول…,Rechercher une table…,screens\POS.tsx,,translated
"Search: find a guest or booking, or jump anywhere - press {combo}","Search: find a guest or booking, or jump anywhere - press {combo}",بحث: اعثر على ضيف أو حجز، أو انتقل لأي مكان - اضغط {combo},"Recherche : trouvez un client ou une réservation, ou accédez à n'importe quel écran - appuyez sur {combo}",AppShell.tsx,combo,translated
Search…,Search…,بحث…,Rechercher…,components\ResourceScreen.tsx,,translated
Season,Season,الموسم,Saison,screens\configs.ts,,translated
Seasons,Seasons,المواسم,Saisons,lib\apps.ts,,translated
Seats,Seats,المقاعد,Places,screens\configs.ts,,translated
Seats (maximum pax),Seats (maximum pax),,,screens\configs.ts,,needs_translation
seats {n},seats {n},مقاعد {n},{n} places,screens\Banquet.tsx,n,translated
Secret (shown once),Secret (shown once),السر (يُعرض مرة واحدة),Secret (affiché une seule fois),screens\Marketplace.tsx,,translated
Secured,Secured,مؤمَّن,Garanti,components\DepositPanel.tsx,,translated
Security deposit,Security deposit,التأمين,Caution,screens\PublicBooking.tsx; screens\PublicListing.tsx,,translated
Security deposit amount,Security deposit amount,,,screens\Settings.tsx,,needs_translation
Security Deposit Amount,Security Deposit Amount,مبلغ التأمين,Montant de la caution,screens\Setup.tsx,,translated
Select,Select,اختر,Sélectionner,components\BookingDialog.tsx; screens\FolioView.tsx; screens\Setup.tsx,,translated
Select charge,Select charge,اختر الرسوم,Sélectionner la prestation,screens\FolioView.tsx,,translated
"Selects the tax & invoicing pack - tax labels, ID types, payment methods and the default phone country code for guests follow it. Other countries run on a flat-tax generic pack.","Selects the tax & invoicing pack - tax labels, ID types, payment methods and the default phone country code for guests follow it. Other countries run on a flat-tax generic pack.",,,screens\Settings.tsx,,needs_translation
Self-hosting docs,Self-hosting docs,وثائق الاستضافة الذاتية,Documentation d'auto-hébergement,screens\SystemHealth.tsx,,translated
Sell message,Sell message,,,screens\Settings.tsx,,needs_translation
Seller name (as registered),Seller name (as registered),,,screens\Settings.tsx,,needs_translation
Seminar,Seminar,,,screens\configs.ts,,needs_translation
Send,Send,إرسال,Envoyer,screens\Assistant.tsx; screens\WhatsAppChat.tsx,,translated
Send {cur}{amount} to,Send {cur}{amount} to,أرسل {cur}{amount} إلى,Envoyer {cur}{amount} à,screens\FolioView.tsx,cur amount,translated
Send back,Send back,إعادة,Renvoyer,screens\HkApp.tsx,,translated
send links & updates to: {pref},send links & updates to: {pref},أرسل الروابط والتحديثات إلى: {pref},envoyer les liens et les mises à jour à : {pref},screens\Today.tsx,pref,translated
Send payment link,Send payment link,إرسال رابط الدفع,Envoyer le lien de paiement,components\DepositPanel.tsx,,translated
Send to kitchen,Send to kitchen,إرسال للمطبخ,Envoyer en cuisine,screens\POS.tsx,,translated
Send to laundry,Send to laundry,إرسال للغسيل,Envoyer en blanchisserie,screens\Laundry.tsx,,translated
SEO,SEO,تحسين محركات البحث,,lib\apps.ts; screens\BookingEngine.tsx,,missing:fr
Service,Service,الخدمة,Service,screens\Laundry.tsx,,translated
Service Tickets,Service Tickets,تذاكر الخدمة,Tickets de service,screens\Tickets.tsx,,translated
Session,Session,الجلسة,Session,screens\Banquet.tsx,,translated
Sessions,Sessions,الجلسات,Sessions,lib\apps.ts,,translated
Set,Set,تعيين,Définir,screens\TapeChart.tsx,,translated
Set for corporate business - it also decides which folio the bill lands on.,Set for corporate business - it also decides which folio the bill lands on.,للأعمال الشركاتية - يحدد أيضاً أي فاتورة تستلم الفاتورة.,À renseigner pour une clientèle affaires - cela détermine aussi sur quel folio la note est imputée.,screens\Banquet.tsx,,translated
Set PIN,Set PIN,تعيين الرمز,Définir le code PIN,components\PinPad.tsx; screens\FolioView.tsx,,translated
Set the same value on the provider's booking webhook,Set the same value on the provider's booking webhook,,,screens\configs.ts,,needs_translation
Set up,Set up,إعداد,Configurer,screens\Marketplace.tsx,,translated
Set up a new property,Set up a new property,إعداد عقار جديد,Configurer un nouvel établissement,screens\Setup.tsx,,translated
Set your cashier PIN to post payments and settle folios.,Set your cashier PIN to post payments and settle folios.,عيّن رمز أمين الصندوق لترحيل المدفوعات وتسوية الفواتير.,Définissez votre code PIN de caisse pour enregistrer des règlements et solder les folios.,screens\FolioView.tsx,,translated
"Sets {currency}, {tax} invoices, local ID types and payment methods.","Sets {currency}, {tax} invoices, local ID types and payment methods.",يضبط {currency} وفواتير {tax} وأنواع الهوية المحلية وطرق الدفع.,"Définit {currency}, les factures {tax}, les types de pièces d'identité locaux et les moyens de paiement.",screens\Setup.tsx,currency tax,translated
Settings,Settings,الإعدادات,Paramètres,lib\apps.ts,,translated
Settle,Settle,تسوية,Régler,screens\POS.tsx,,translated
Settle / post to room,Settle / post to room,تسوية / ترحيل للغرفة,Régler / imputer à la chambre,screens\POS.tsx,,translated
Settle & continue stay,Settle & continue stay,تسوية ومتابعة الإقامة,Régler et poursuivre le séjour,screens\FolioView.tsx,,translated
SGST,SGST,,,lib\thermal.ts; screens\FolioView.tsx,,needs_translation
SGST ({rate}%),SGST ({rate}%),SGST ({rate}%),,screens\POS.tsx,rate,missing:fr
Shared,Shared,مشترك,Partagé,screens\Setup.tsx; screens\configs.ts,,translated
Shared playground — not your hotel. Data is wiped every night.,Shared playground — not your hotel. Data is wiped every night.,ملعب مشترك — ليس فندقك. تُمسح البيانات كل ليلة.,Espace de démonstration partagé — ce n'est pas votre hôtel. Les données sont effacées chaque nuit.,AppShell.tsx,,translated
"Shared playground, not a live hotel. Play data is wiped every night and the sample hotel is seeded again. Don't put real guests, payments or API keys here.","Shared playground, not a live hotel. Play data is wiped every night and the sample hotel is seeded again. Don't put real guests, payments or API keys here.",ملعب مشترك، ليس فندقاً حياً. تُمسح بيانات التجربة كل ليلة ويُعاد تهيئة الفندق النموذجي. لا تضع ضيوفًا أو مدفوعات أو مفاتيح API حقيقية هنا.,"Espace de démonstration partagé, pas un hôtel en production. Les données de test sont effacées chaque nuit et l'hôtel d'exemple est recréé. N'y mettez pas de vrais clients, paiements ou clés d'API.",screens\Login.tsx,,translated
Shift,Shift,,,screens\configs.ts,,needs_translation
Shift Handover,Shift Handover,تسليم الوردية,Passation de service,lib\apps.ts,,translated
Shift report,Shift report,تقرير الوردية,Rapport de poste,screens\CashierTill.tsx,,translated
Shift Report,Shift Report,تقرير الوردية,Rapport de poste,lib\apps.ts,,translated
Short Term Rental,Short Term Rental,,,screens\Settings.tsx,,needs_translation
Shortage,Shortage,نقص,Manquant,screens\Laundry.tsx,,translated
Show closed,Show closed,إظهار المغلق,Afficher les clôturés,screens\Tickets.tsx,,translated
Show menus / exit full screen,Show menus / exit full screen,إظهار القوائم / الخروج من ملء الشاشة,Afficher les menus / quitter le plein écran,screens\POS.tsx,,translated
Show PMS menus (Esc),Show PMS menus (Esc),إظهار قوائم النظام (Esc),Afficher les menus du PMS (Échap),screens\Kitchen.tsx; screens\POS.tsx,,translated
Show the app menu (Esc),Show the app menu (Esc),إظهار قائمة التطبيق (Esc),Afficher le menu de l'application (Échap),screens\POS.tsx,,translated
Shown to staff in the booking dialog and used by the AI agent as its upsell prompt,Shown to staff in the booking dialog and used by the AI agent as its upsell prompt,,,screens\Settings.tsx,,needs_translation
Sign & complete check-in,Sign & complete check-in,وقّع وأكمل تسجيل الوصول,Signer et finaliser l'enregistrement,screens\PublicCheckin.tsx,,translated
Sign in,Sign in,تسجيل الدخول,Se connecter,screens\Login.tsx,,translated
Sign out,Sign out,تسجيل الخروج,Se déconnecter,AppShell.tsx; screens\HkApp.tsx,,translated
sign the printed card,sign the printed card,وقّع على البطاقة المطبوعة,signer la fiche imprimée,screens\RegistrationCard.tsx,,translated
Signature,Signature,التوقيع,,screens\RegistrationCard.tsx,,missing:fr
Signed online,Signed online,موقّع إلكترونيًا,Signé en ligne,screens\RegistrationCard.tsx,,translated
signed online at pre-check-in,signed online at pre-check-in,موقّع إلكترونيًا عند التسجيل المسبق,signé en ligne lors du pré-enregistrement,screens\RegistrationCard.tsx,,translated
Signing in...,Signing in...,جارٍ تسجيل الدخول...,Connexion...,screens\Login.tsx,,translated
Simulate payment (test mode),Simulate payment (test mode),محاكاة الدفع (وضع الاختبار),Simuler un paiement (mode test),components\DepositPanel.tsx,,translated
Simulation,Simulation,,,screens\Settings.tsx,,needs_translation
Single,Single,,,screens\configs.ts,,needs_translation
Single occupancy price,Single occupancy price,,,screens\configs.ts,,needs_translation
Site,Site,الموقع,,screens\SystemHealth.tsx,,missing:fr
Site address,Site address,,,screens\configs.ts,,needs_translation
Site URL slug (/stay/… for all listings here),Site URL slug (/stay/… for all listings here),,,screens\configs.ts,,needs_translation
Skip the paperwork at the desk - just show your ID on arrival and pick up the key. See you soon!,Skip the paperwork at the desk - just show your ID on arrival and pick up the key. See you soon!,لا حاجة للأوراق عند الاستقبال - فقط أظهر هويتك عند الوصول واستلم المفتاح. نراك قريبًا!,Plus de formalités à la réception - présentez simplement votre pièce d'identité à l'arrivée et récupérez votre clé. À bientôt !,screens\PublicCheckin.tsx,,translated
SLA breached,SLA breached,خُرق مستوى الخدمة,Délai dépassé,screens\Tickets.tsx,,translated
SLA Report,SLA Report,تقرير مستوى الخدمة,Rapport de délais,lib\apps.ts,,translated
Slab,Slab,,,screens\Settings.tsx,,needs_translation
Slab: rate switches at the threshold per night,Slab: rate switches at the threshold per night,,,screens\Settings.tsx,,needs_translation
Slot,Slot,,,screens\configs.ts,,needs_translation
Smaller than the pax count,Smaller than the pax count,أصغر من عدد الضيوف,Inférieur au nombre de pax,screens\Banquet.tsx,,translated
SMS,SMS,,,screens\configs.ts,,needs_translation
Soft hold you can sell over,Soft hold you can sell over,حجز مرن يمكن البيع فوقه,Option provisoire que vous pouvez vendre par-dessus,screens\Banquet.tsx,,translated
Sold out,Sold out,نفدت,Complet,screens\PublicListing.tsx,,translated
Sold out for these dates,Sold out for these dates,نفدت لهذه التواريخ,Complet pour ces dates,screens\PublicBooking.tsx,,translated
Sound {state},Sound {state},الصوت {state},Son {state},screens\Kitchen.tsx,state,translated
Source,Source,المصدر,Source,screens\RegistrationCard.tsx; screens\Today.tsx; screens\configs.ts,,translated
Source code,Source code,الكود المصدري,Code source,screens\Login.tsx,,translated
Spa,Spa,,,screens\configs.ts,,needs_translation
Special requests,Special requests,طلبات خاصة,Demandes particulières,screens\PublicBooking.tsx; screens\configs.ts,,translated
Split,Split,تقسيم,Scinder,screens\POS.tsx,,translated
Split folio,Split folio,تقسيم الفاتورة,Scinder le folio,screens\FolioView.tsx,,translated
"Square, 512px+ - PNG or SVG with transparency looks best","Square, 512px+ - PNG or SVG with transparency looks best",,,screens\Settings.tsx,,needs_translation
STAAH,STAAH,,,screens\configs.ts,,needs_translation
Start,Start,بدء,Démarrer,screens\HkApp.tsx; screens\Tickets.tsx,,translated
Start / accept,Start / accept,بدء / قبول,Démarrer / accepter,screens\Kitchen.tsx,,translated
Start date,Start date,,,screens\configs.ts,,needs_translation
State,State,الولاية,Wilaya / région,screens\Settings.tsx,,translated
State / region,State / region,المنطقة,Wilaya / région,screens\Setup.tsx,,translated
Statistics (month to date),Statistics (month to date),إحصاءات (من بداية الشهر),Statistiques (cumul du mois),screens\Dashboard.tsx,,translated
Status,Status,الحالة,Statut,screens\Agents.tsx; screens\Banquet.tsx; screens\Billing.tsx; screens\Laundry.tsx; screens\configs.ts,,translated
Stay,Stay,إقامة,Séjour,screens\FolioView.tsx; screens\RegistrationCard.tsx; screens\Today.tsx,,translated
Stay policies,Stay policies,سياسات الإقامة,Conditions de séjour,screens\PublicBooking.tsx,,translated
Stay total,Stay total,إجمالي الإقامة,Total du séjour,screens\RegistrationCard.tsx,,translated
stay{s},stay{s},إقامة{s},séjour{s},components\BookingDialog.tsx,s,translated
staying over,staying over,مقيم,prolonge son séjour,screens\TapeChart.tsx,,translated
Stayover Clean,Stayover Clean,تنظيف أثناء الإقامة,Recouche,screens\configs.ts,,translated
Stays,Stays,الإقامات,Séjours,screens\Guests.tsx,,translated
Still due,Still due,المتبقي,Reste dû,components\DepositPanel.tsx,,translated
Still in play,Still in play,لا يزال قيد التنفيذ,Encore en jeu,screens\Banquet.tsx,,translated
Store,Store,,,screens\Settings.tsx,,needs_translation
Stored encrypted. Channex: your user API key; STAAH/AioSell: from partner onboarding,Stored encrypted. Channex: your user API key; STAAH/AioSell: from partner onboarding,,,screens\configs.ts,,needs_translation
Street,Street,,,screens\Settings.tsx,,needs_translation
"Street, area","Street, area",الشارع، الحي,"Rue, quartier",screens\PublicCheckin.tsx,,translated
Subject,Subject,الموضوع,Objet,screens\Tickets.tsx,,translated
Subtotal,Subtotal,المجموع الفرعي,Sous-total,screens\POS.tsx,,translated
Suggested room plan for {date},Suggested room plan for {date},خطة غرف مقترحة لـ {date},Plan d'attribution proposé pour le {date},screens\TapeChart.tsx,date,translated
Summary,Summary,الملخص,Récapitulatif,screens\FolioView.tsx,,translated
Switch app,Switch app,تبديل التطبيق,Changer d'application,AppShell.tsx,,translated
Switch to dark mode,Switch to dark mode,التبديل إلى الوضع الداكن,Passer en mode sombre,AppShell.tsx,,translated
Switch to light mode,Switch to light mode,التبديل إلى الوضع الفاتح,Passer en mode clair,AppShell.tsx,,translated
system,system,النظام,système,screens\Agents.tsx,,translated
System,System,النظام,Système,screens\Settings.tsx,,translated
System Admin,System Admin,مدير النظام,Administrateur système,screens\Login.tsx,,translated
System Health,System Health,صحة النظام,État du système,lib\apps.ts; screens\SystemHealth.tsx,,translated
Table {n},Table {n},طاولة {n},,screens\QrMenu.tsx,n,missing:fr
Table note,Table note,ملاحظة الطاولة,Commentaire de table,screens\Kitchen.tsx,,translated
Tables,Tables,الطاولات,Tables,screens\POS.tsx,,translated
Tables & running bills,Tables & running bills,الطاولات والفواتير الجارية,Tables et notes en cours,screens\POS.tsx,,translated
Take photo,Take photo,التقاط صورة,Prendre une photo,screens\PublicCheckin.tsx,,translated
Take this room,Take this room,خذ هذه الغرفة,Prendre cette chambre,screens\HkApp.tsx,,translated
Taken,Taken,مأخوذ,Prise,screens\Banquet.tsx,,translated
Tally,Tally,,,screens\AccountingExport.tsx,,needs_translation
Tap an occupied room to post minibar or laundry.,Tap an occupied room to post minibar or laundry.,انقر غرفة مشغولة لترحيل ميني بار أو غسيل.,Touchez une chambre occupée pour imputer le minibar ou la blanchisserie.,screens\HkApp.tsx,,translated
Tap menu items to add.,Tap menu items to add.,انقر عناصر القائمة للإضافة.,Touchez les articles de la carte pour les ajouter.,screens\POS.tsx,,translated
Tape chart,Tape chart,مخطط الغرف,Planning des chambres,screens\TapeChart.tsx,,translated
Tape Chart,Tape Chart,مخطط الغرف,Planning des chambres,lib\apps.ts,,translated
Task,Task,,,screens\configs.ts,,needs_translation
Tasks,Tasks,المهام,Tâches,lib\apps.ts,,translated
Tax applies to the levy,Tax applies to the levy,تُطبّق الضريبة على الرسم,La taxe s'applique au prélèvement,screens\Settings.tsx,,translated
Tax ID,Tax ID,الرقم الضريبي,Identifiant fiscal,screens\Setup.tsx,,translated
Tax Invoice,Tax Invoice,فاتورة ضريبية,Facture fiscale,screens\FolioView.tsx,,translated
taxable {cur}{amount},taxable {cur}{amount},خاضع للضريبة {cur}{amount},base imposable {cur}{amount},screens\FolioView.tsx,cur amount,translated
Template language code,Template language code,,,screens\configs.ts,,needs_translation
Template: booking confirmation,Template: booking confirmation,,,screens\configs.ts,,needs_translation
Template: payment request,Template: payment request,,,screens\configs.ts,,needs_translation
Template: self check-in link,Template: self check-in link,,,screens\configs.ts,,needs_translation
Tentative,Tentative,,,screens\configs.ts,,needs_translation
Test connection,Test connection,اختبار الاتصال,Tester la connexion,screens\Settings.tsx,,translated
Test mode,Test mode,,,screens\Settings.tsx,,needs_translation
Testing…,Testing…,جارٍ الاختبار…,Test en cours…,screens\Settings.tsx,,translated
Thanks - our team will reach out about {name}.,Thanks - our team will reach out about {name}.,شكراً - سيتواصل فريقنا بشأن {name}.,Merci - notre équipe vous contactera au sujet de {name}.,screens\Marketplace.tsx,name,translated
That date has already passed.,That date has already passed.,هذا التاريخ قد مضى بالفعل.,Cette date est déjà passée.,components\BookingDialog.tsx,,translated
The agent couldn't finish - check the AI key in Settings.,The agent couldn't finish - check the AI key in Settings.,لم يُكمل الوكيل عمله — راجع مفتاح الذكاء الاصطناعي في الإعدادات.,L'agent n'a pas pu terminer — vérifiez la clé IA dans les Réglages.,screens\Assistant.tsx,,translated
The guest is in-house: the old room is marked Dirty for housekeeping.,The guest is in-house: the old room is marked Dirty for housekeeping.,النزيل مقيم: تُعلَّم الغرفة السابقة متسخة للتدبير المنزلي.,Le client est en séjour : l'ancienne chambre est marquée Sale pour le ménage.,components\RoomChangeDialog.tsx,,translated
The hall's rack rental goes on as the first line - the number the conversation starts from.,The hall's rack rental goes on as the first line - the number the conversation starts from.,إيجار القاعة الأساسي يُضاف كأول بند - الرقم الذي تبدأ منه المحادثة.,La location de la salle au tarif affiché figure en première ligne - le montant de départ de la négociation.,screens\Banquet.tsx,,translated
The hotel keeps a copy of your ID with its registration records.,The hotel keeps a copy of your ID with its registration records.,يحتفظ الفندق بنسخة من هويتك مع سجلات التسجيل.,L'hôtel conserve une copie de votre pièce d'identité avec son registre des clients.,components\PrivacyNotice.tsx,,translated
The key stays on your server and is stored masked. Usage is billed to your own OpenAI account.,The key stays on your server and is stored masked. Usage is billed to your own OpenAI account.,يبقى المفتاح على خادمك ويُخزَّن مُقنَّعًا. والاستهلاك يُحاسَب على حساب OpenAI الخاص بك.,La clé reste sur votre serveur et est stockée masquée. La consommation est facturée sur votre propre compte OpenAI.,screens\Assistant.tsx,,translated
The night,The night,,,screens\banquet\Steps.tsx,,needs_translation
The whole portfolio at a glance.,The whole portfolio at a glance.,المحفظة بالكامل بنظرة واحدة.,L'ensemble du portefeuille d'un coup d'œil.,screens\Dashboard.tsx,,translated
Theme,Theme,المظهر,Thème,AppShell.tsx; screens\Settings.tsx,,translated
Theme (system),Theme (system),المظهر (النظام),Thème (système),AppShell.tsx,,translated
Then recreate the stack / run migrate. Nightly channel,Then recreate the stack / run migrate. Nightly channel,ثم أعد إنشاء المكدس / نفّذ migrate. قناة Nightly,Puis recréez la stack / lancez migrate. Canal nightly,screens\SystemHealth.tsx,,translated
Thinking,Thinking,يفكّر,Réflexion,screens\Assistant.tsx,,translated
Thinking...,Thinking...,جارٍ التفكير...,Réflexion...,screens\TapeChart.tsx,,translated
This check-in link isn't valid. Please contact the hotel.,This check-in link isn't valid. Please contact the hotel.,رابط تسجيل الوصول هذا غير صالح. يرجى التواصل مع الفندق.,Ce lien d'enregistrement n'est pas valide. Veuillez contacter l'hôtel.,screens\PublicCheckin.tsx,,translated
This closes the bag without billing. Tell us why — it's recorded on the order.,This closes the bag without billing. Tell us why — it's recorded on the order.,يغلق هذا الحقيبة دون فوترة. أخبرنا لماذا — يُسجَّل على الطلب.,Cela clôture le sac sans facturer. Indiquez pourquoi — c'est consigné sur la commande.,screens\Laundry.tsx,,translated
this hotel,this hotel,هذا الفندق,cet hôtel,screens\Agents.tsx,,translated
This is a computer-generated invoice.,This is a computer-generated invoice.,هذه فاتورة صادرة إلكترونيًا.,Cette facture est générée par ordinateur.,screens\FolioView.tsx,,translated
This property,This property,هذا العقار,Cet établissement,screens\Dashboard.tsx,,translated
This type is full tonight - try another room type.,This type is full tonight - try another room type.,هذا النوع ممتلئ الليلة - جرّب نوع غرفة آخر.,Ce type est complet ce soir - essayez un autre type de chambre.,components\BookingDialog.tsx,,translated
Tick the lines moving to the new bill.,Tick the lines moving to the new bill.,حدد البنود المنقولة إلى الفاتورة الجديدة.,Cochez les lignes à transférer sur la nouvelle note.,screens\POS.tsx,,translated
Ticket {kot} {dest},Ticket {kot} {dest},تذكرة {kot} {dest},Bon {kot} {dest},screens\Kitchen.tsx,kot dest,translated
Time zone,Time zone,المنطقة الزمنية,Fuseau horaire,screens\Settings.tsx,,translated
Times drive the house position: back-to-back rooms flag a conflict when the arrival lands before the departure.,Times drive the house position: back-to-back rooms flag a conflict when the arrival lands before the departure.,الأوقات تحدد موقع الفندق: الغرف المتتالية تعلّم تعارضاً عندما يصل الضيف قبل مغادرة السابق.,"Les heures déterminent la situation de l'hôtel : sur une chambre enchaînée, un conflit est signalé si l'arrivée précède le départ.",screens\TapeChart.tsx,,translated
Times used,Times used,,,screens\configs.ts,,needs_translation
to,to,إلى,au,components\ResourceScreen.tsx; screens\TapeChart.tsx,,translated
To,To,إلى,Au,screens\Banquet.tsx; screens\configs.ts,,translated
to close,to close,للإغلاق,à clôturer,components\CommandPalette.tsx,,translated
To date (exclusive),To date (exclusive),,,screens\configs.ts,,needs_translation
to open,to open,للفتح,à ouvrir,components\CommandPalette.tsx,,translated
to pick up a room.,to pick up a room.,لاستلام غرفة.,pour prendre une chambre.,screens\HkApp.tsx,,translated
today,today,اليوم,aujourd'hui,screens\Dashboard.tsx,,translated
Today,Today,اليوم,Aujourd'hui,lib\apps.ts; screens\Today.tsx,,translated
"Today at this property, by department.","Today at this property, by department.",اليوم في هذا العقار، حسب القسم.,"Aujourd'hui dans cet établissement, par service.",screens\Dashboard.tsx,,translated
Tomorrow,Tomorrow,غداً,Demain,screens\Today.tsx,,translated
total,total,الإجمالي,,screens\CRS.tsx; screens\PublicListing.tsx,,missing:fr
Total,Total,الإجمالي,Total,components\BookingDialog.tsx; screens\Laundry.tsx; screens\POS.tsx; screens\Reports.tsx; screens\configs.ts,,translated
"total · {n} night{s}, taxes in","total · {n} night{s}, taxes in",الإجمالي · {n} ليلة{s}، شامل الضرائب,"total · {n} nuit{s}, taxes comprises",screens\PublicBooking.tsx; screens\PublicListing.tsx,n s,translated
Total {amount},Total {amount},الإجمالي {amount},,screens\PublicListing.tsx,amount,missing:fr
Total {amount} - payable at the hotel. We've saved your number; the front desk will reach out before arrival.,Total {amount} - payable at the hotel. We've saved your number; the front desk will reach out before arrival.,الإجمالي {amount} - يُدفع في الفندق. حفظنا رقمك؛ وسيتواصل معك مكتب الاستقبال قبل الوصول.,Total {amount} - à régler à l'hôtel. Nous avons enregistré votre numéro ; la réception vous contactera avant votre arrivée.,screens\PublicBooking.tsx,amount,translated
Total {cur},Total {cur},الإجمالي {cur},Total {cur},screens\Billing.tsx; screens\FolioView.tsx,cur,translated
total spend / guest · {pax} pax,total spend / guest · {pax} pax,إجمالي الإنفاق / ضيف · {pax} ضيف,dépense totale / client · {pax} pax,screens\Reports.tsx,pax,translated
"total, taxes in","total, taxes in",الإجمالي شامل الضرائب,"total, taxes comprises",screens\CRS.tsx,,translated
Tour Operator,Tour Operator,,,screens\configs.ts,,needs_translation
Training,Training,,,screens\configs.ts,,needs_translation
Travel agent,Travel agent,,,screens\TapeChart.tsx,,needs_translation
Travel Agent,Travel Agent,,,screens\configs.ts,,needs_translation
Travel Agents,Travel Agents,وكلاء السفر,Agences de voyages,lib\apps.ts,,translated
TripAdvisor URL,TripAdvisor URL,,,screens\Settings.tsx,,needs_translation
Twilio,Twilio,,,screens\configs.ts,,needs_translation
Twin,Twin,,,screens\configs.ts,,needs_translation
Type,Type,النوع,Type,screens\Banquet.tsx; screens\configs.ts,,translated
Type to find or create,Type to find or create,اكتب للبحث أو الإنشاء,Saisissez pour trouver ou créer,components\BookingDialog.tsx,,translated
Unassigned,Unassigned,غير مخصص,Non attribuée,components\BookingDialog.tsx; screens\HousekeepingBoard.tsx; screens\RegistrationCard.tsx; screens\Today.tsx,,translated
Unavailable,Unavailable,غير متاح,Indisponible,screens\SystemHealth.tsx,,translated
unchanged,unchanged,بدون تغيير,inchangé,screens\Settings.tsx,,translated
Undo — put it back on the board,Undo — put it back on the board,تراجع — أعده إلى اللوحة,Annuler — la remettre sur le tableau,screens\Kitchen.tsx,,translated
Undo NC,Undo NC,تراجع عن المجاني,Annuler la gratuité,screens\POS.tsx,,translated
"Unit / room numbers per listing, comma-separated.","Unit / room numbers per listing, comma-separated.",أرقام الوحدات / الغرف لكل قائمة، مفصولة بفواصل.,"Numéros d'unité / de chambre par annonce, séparés par des virgules.",screens\Setup.tsx,,translated
Unlock,Unlock,فتح القفل,Déverrouiller,components\PinPad.tsx; screens\FolioView.tsx,,translated
Unpaid,Unpaid,غير مدفوع,Non réglé,screens\Today.tsx,,translated
Untitled,Untitled,بلا عنوان,Sans titre,screens\Assistant.tsx,,translated
up to {n} adults,up to {n} adults,حتى {n} بالغين,jusqu'à {n} adultes,screens\PublicBooking.tsx,n,translated
Up to {n} guests,Up to {n} guests,حتى {n} ضيوف,Jusqu'à {n} personnes,screens\PublicListing.tsx,n,translated
Update stay,Update stay,تحديث الإقامة,Mettre à jour le séjour,screens\TapeChart.tsx,,translated
Updating quote,Updating quote,تحديث العرض,Mise à jour du devis,components\BookingDialog.tsx,,translated
UPI,UPI,UPI,,screens\CashierTill.tsx,,missing:fr
Upload CSV file,Upload CSV file,رفع ملف CSV,Téléverser un fichier CSV,screens\Setup.tsx,,translated
Upload image,Upload image,رفع صورة,Téléverser une image,screens\PublicCheckin.tsx,,translated
Urgent,Urgent,,,screens\configs.ts,,needs_translation
Used,Used,,,screens\configs.ts,,needs_translation
"Used on the fixed basis only - charged once per adult, per night, whatever the rate.","Used on the fixed basis only - charged once per adult, per night, whatever the rate.",يُستخدم مع الأساس الثابت فقط - يُحتسب مرة واحدة لكل بالغ في الليلة، أيًّا كان السعر.,"Utilisé uniquement sur la base fixe - facturé une fois par adulte et par nuit, quel que soit le tarif.",screens\Settings.tsx,,translated
UTC,UTC,,,screens\Settings.tsx,,needs_translation
Vacation rental,Vacation rental,إيجار عطلات,Location saisonnière,screens\Setup.tsx,,translated
Valid from,Valid from,,,screens\configs.ts,,needs_translation
Valid to,Valid to,,,screens\configs.ts,,needs_translation
Valid until,Valid until,,,screens\configs.ts,,needs_translation
Value,Value,القيمة,Valeur,screens\Banquet.tsx; screens\configs.ts,,translated
Value (20 = +20%),Value (20 = +20%),,,screens\configs.ts,,needs_translation
Vapi,Vapi,,,screens\configs.ts,,needs_translation
Variance,Variance,الفارق,Écart,screens\CashierTill.tsx,,translated
VAT registration number,VAT registration number,,,screens\Settings.tsx,,needs_translation
Veg,Veg,نباتي,Végétarien,screens\Kitchen.tsx; screens\POS.tsx,,translated
Vegetarian,Vegetarian,نباتي,Végétarien,screens\QrMenu.tsx; screens\configs.ts,,translated
Venue,Venue,القاعة,Espace,screens\configs.ts,,translated
Venue name,Venue name,,,screens\configs.ts,,needs_translation
Verified,Verified,,,screens\configs.ts,,needs_translation
Verify & Discard,Verify & Discard,,,screens\Settings.tsx,,needs_translation
Verify & Discard (recommended) masks ID numbers to the last 4 digits and deletes ID photos at checkout,Verify & Discard (recommended) masks ID numbers to the last 4 digits and deletes ID photos at checkout,,,screens\Settings.tsx,,needs_translation
via {name},via {name},عبر {name},,screens\Today.tsx,name,missing:fr
View all apps,View all apps,عرض كل التطبيقات,Voir toutes les applications,AppShell.tsx,,translated
View bill,View bill,عرض الفاتورة,Voir la note,screens\POS.tsx,,translated
View details,View details,عرض التفاصيل,Voir les détails,screens\PublicListing.tsx,,translated
View Hotel House Rules & Policies,View Hotel House Rules & Policies,عرض قواعد وسياسات الفندق,Consulter le règlement intérieur et les conditions de l'hôtel,screens\PublicCheckin.tsx,,translated
View listing,View listing,عرض القائمة,Voir l'annonce,screens\PublicBooking.tsx,,translated
Villa,Villa,فيلا,,screens\Setup.tsx; screens\configs.ts,,missing:fr
Villa/site name (only if different from property),Villa/site name (only if different from property),,,screens\configs.ts,,needs_translation
VIP,VIP,VIP,,components\BookingDialog.tsx; components\CheckInDialog.tsx; screens\Guests.tsx; screens\HkApp.tsx; screens\TapeChart.tsx,,missing:fr
VIP Hold,VIP Hold,حجز VIP,Blocage VIP,screens\configs.ts,,translated
Voice,Voice,,,screens\configs.ts,,needs_translation
Void,Void,إبطال,Annuler,screens\FolioView.tsx,,translated
Void this charge,Void this charge,إبطال هذه الرسوم,Annuler cette prestation,screens\FolioView.tsx,,translated
Voucher,Voucher,قسيمة,Bon,components\BookingDialog.tsx,,translated
Vouchers,Vouchers,القسائم,Bons,lib\apps.ts,,translated
Waitlist,Waitlist,قائمة الانتظار,Liste d'attente,components\BookingDialog.tsx; screens\configs.ts,,translated
Waitlisted · {ref},Waitlisted · {ref},قائمة انتظار · {ref},En liste d'attente · {ref},components\BookingDialog.tsx,ref,translated
Waive the fee (logged - manager's call),Waive the fee (logged - manager's call),إعفاء من الرسوم (مُسجَّل - قرار المدير),Renoncer aux frais (consigné - décision du responsable),components\CancelPanel.tsx,,translated
Walk-in,Walk-in,حجز مباشر,Sans réservation,AppShell.tsx; components\BookingDialog.tsx; screens\TapeChart.tsx,,translated
Want Claude the app?,Want Claude the app?,تريد تطبيق Claude؟,Vous voulez l'application Claude ?,screens\Settings.tsx,,translated
Want Claude the model in this chat? Use the OpenRouter preset.,Want Claude the model in this chat? Use the OpenRouter preset.,تريد نموذج Claude في هذه المحادثة؟ استخدم إعداد OpenRouter الجاهز.,Vous voulez le modèle Claude dans ce chat ? Utilisez le préréglage OpenRouter.,screens\Settings.tsx,,translated
We already have this from your last visit — we'll use it. Add a photo below only to replace it with a newer one.,We already have this from your last visit — we'll use it. Add a photo below only to replace it with a newer one.,لدينا هذا من زيارتك السابقة وسنستخدمه. أضف صورة أدناه فقط لاستبداله بنسخة أحدث.,Nous l'avons déjà depuis votre dernier séjour — nous l'utiliserons. N'ajoutez une photo ci-dessous que pour la remplacer par une plus récente.,screens\PublicCheckin.tsx,,translated
Webhook secret,Webhook secret,,,screens\Settings.tsx; screens\configs.ts,,needs_translation
Webhook URL,Webhook URL,رابط Webhook,URL du webhook,screens\Marketplace.tsx,,translated
Webhook verify token,Webhook verify token,,,screens\configs.ts,,needs_translation
Website,Website,الموقع,Site web,screens\Settings.tsx,,translated
Wedding,Wedding,,,screens\configs.ts,,needs_translation
Weekend nightly price (optional),Weekend nightly price (optional),سعر ليلة نهاية الأسبوع (اختياري),Prix par nuit le week-end (facultatif),screens\Setup.tsx,,translated
What,What,ماذا,Quoi,screens\Agents.tsx,,translated
What and why:,What and why:,ماذا ولماذا:,Quoi et pourquoi :,components\PrivacyNotice.tsx,,translated
What does cancelling RES-… cost?,What does cancelling RES-… cost?,كم تُكلّف إلغاء RES-…؟,Combien coûte l'annulation de RES-… ?,components\AssistantPanel.tsx,,translated
What does the guest need?,What does the guest need?,ماذا يحتاج الضيف؟,De quoi le client a-t-il besoin ?,screens\Tickets.tsx,,translated
"What does today look like - arrivals, departures, occupancy?","What does today look like - arrivals, departures, occupancy?",كيف يبدو اليوم — الوصول والمغادرة ونسبة الإشغال؟,"À quoi ressemble la journée — arrivées, départs, taux d'occupation ?",screens\Assistant.tsx,,translated
What is it? (e.g. black umbrella),What is it? (e.g. black umbrella),ما هو؟ (مثل مظلة سوداء),De quoi s'agit-il ? (par ex. parapluie noir),screens\HkApp.tsx,,translated
"What is it? (Staff uniforms, Pool towels…)","What is it? (Staff uniforms, Pool towels…)",ما هو؟ (زي الموظفين، مناشف المسبح…),"De quoi s'agit-il ? (Uniformes du personnel, serviettes de piscine…)",screens\Laundry.tsx,,translated
What is RevPAX?,What is RevPAX?,ما هو RevPAX؟,Qu'est-ce que le RevPAX ?,components\HelpPanel.tsx,,translated
What they asked for,What they asked for,ما طلبوه,Ce qui a été demandé,screens\Banquet.tsx; screens\configs.ts,,translated
"What this money is: against the bill, an advance, or a refundable deposit","What this money is: against the bill, an advance, or a refundable deposit",ما هذا المال: مقابل الفاتورة، أو مقدمة، أو تأمين قابل للاسترداد,"Nature de ce montant : imputé sur la note, un acompte, ou une caution remboursable",screens\FolioView.tsx,,translated
WhatsApp,WhatsApp,واتساب,,lib\apps.ts; screens\WhatsAppChat.tsx; screens\configs.ts,,missing:fr
When,When,متى,Quand,screens\Agents.tsx; screens\CashierTill.tsx,,translated
"When the guest pays, the deposit posts here automatically.","When the guest pays, the deposit posts here automatically.",عند دفع النزيل، يُسجَّل العربون هنا تلقائيًا.,"Dès que le client paie, l'acompte s'impute ici automatiquement.",components\DepositPanel.tsx,,translated
Where do I manage users?,Where do I manage users?,من أين أُدير المستخدمين؟,Où gérer les utilisateurs ?,components\HelpPanel.tsx,,translated
Where the months are landing,Where the months are landing,أين تهبط الأشهر,Comment se répartissent les mois,screens\Banquet.tsx,,translated
Where you’ll be,Where you’ll be,أين ستقيم,Où vous serez,screens\PublicListing.tsx,,translated
Which hall - free for these dates and hours,Which hall - free for these dates and hours,أي قاعة - متاحة لهذه التواريخ والساعات,Quelle salle - libre pour ces dates et ces horaires,screens\Banquet.tsx,,translated
Which system is this export from?,Which system is this export from?,من أي نظام هذا التصدير؟,De quel système provient cet export ?,screens\Setup.tsx,,translated
Which waitlisted guests can I now give a room?,Which waitlisted guests can I now give a room?,أي ضيوف قائمة الانتظار أستطيع منحهم غرفة الآن؟,À quels clients en liste d'attente puis-je attribuer une chambre maintenant ?,screens\Assistant.tsx,,translated
Who,Who,من,Qui,screens\Agents.tsx,,translated
Who's arriving today?,Who's arriving today?,من يَصِل اليوم؟,Qui arrive aujourd'hui ?,components\AssistantPanel.tsx,,translated
Whose function is this?,Whose function is this?,لمن هذه المناسبة؟,À qui appartient cet événement ?,screens\Banquet.tsx,,translated
Why business went away,Why business went away,لماذا ذهب العمل,Pourquoi l'affaire a été perdue,screens\Banquet.tsx,,translated
Wilaya *,Wilaya *,الولاية *,Wilaya *,screens\Setup.tsx,,translated
"Wrong email, username, or password.","Wrong email, username, or password.",البريد الإلكتروني أو اسم المستخدم أو كلمة المرور غير صحيحة.,"E-mail, nom d'utilisateur ou mot de passe incorrect.",screens\Login.tsx,,translated
You,You,أنت,Vous,screens\WhatsAppChat.tsx,,translated
You're checked in online,You're checked in online,تم تسجيل وصولك عبر الإنترنت,Votre enregistrement en ligne est terminé,screens\PublicCheckin.tsx,,translated
"Your AI, acting as you","Your AI, acting as you",ذكاؤك الاصطناعي، يعمل باسمك,"Votre IA, agissant en votre nom",screens\Assistant.tsx,,translated
"your AI, acting as you · on","your AI, acting as you · on",ذكاؤك الاصطناعي يعمل باسمك · في,votre IA agissant en votre nom · à,screens\Assistant.tsx,,translated
Your apps,Your apps,تطبيقاتك,Vos applications,screens\AppLauncher.tsx,,translated
Your details and signature form the guest register required by law.,Your details and signature form the guest register required by law.,تشكّل بياناتك وتوقيعك سجل النزلاء المطلوب نظامًا.,Vos informations et votre signature constituent le registre des clients exigé par la loi.,screens\PublicCheckin.tsx,,translated
your hotel,your hotel,فندقك,votre hôtel,screens\Assistant.tsx,,translated
Your ID photo is kept with the guest register the hotel is required by law to maintain. Only hotel staff can see it.,Your ID photo is kept with the guest register the hotel is required by law to maintain. Only hotel staff can see it.,تُحفظ صورة هويتك مع سجل النزلاء الذي يلتزم الفندق نظامًا بالاحتفاظ به. لا يطّلع عليها إلا موظفو الفندق.,La photo de votre pièce d'identité est conservée avec le registre des clients que l'hôtel est légalement tenu de tenir. Seul le personnel de l'hôtel peut la consulter.,screens\PublicCheckin.tsx,,translated
"Your ID photo is used only to confirm your identity at arrival, and is permanently deleted when you check out. Only hotel staff can see it.","Your ID photo is used only to confirm your identity at arrival, and is permanently deleted when you check out. Only hotel staff can see it.",تُستخدم صورة هويتك فقط للتحقق من هويتك عند الوصول، وتُحذف نهائيًا عند المغادرة. لا يطّلع عليها إلا موظفو الفندق.,La photo de votre pièce d'identité ne sert qu'à confirmer votre identité à l'arrivée et est définitivement supprimée à votre départ. Seul le personnel de l'hôtel peut la consulter.,screens\PublicCheckin.tsx,,translated
your local data protection authority,your local data protection authority,الجهة المختصة بحماية البيانات في بلدك,votre autorité locale de protection des données,components\PrivacyNotice.tsx,,translated
your name and contact details to make and manage this booking and reach you about it,your name and contact details to make and manage this booking and reach you about it,اسمك وبيانات التواصل لإجراء هذا الحجز وإدارته والتواصل معك بشأنه,votre nom et vos coordonnées pour effectuer et gérer cette réservation et vous contacter à son sujet,components\PrivacyNotice.tsx,,translated
Your profile is erased {months} months after your last stay. Bills are kept as tax law requires.,Your profile is erased {months} months after your last stay. Bills are kept as tax law requires.,يُحذف ملفك بعد {months} شهرًا من آخر إقامة. وتُحفظ الفواتير وفق ما يتطلبه النظام الضريبي.,Votre profil est effacé {months} mois après votre dernier séjour. Les factures sont conservées conformément à la législation fiscale.,components\PrivacyNotice.tsx,months,translated
Your profile is kept for future stays until you ask for it to be erased. Bills are kept as tax law requires.,Your profile is kept for future stays until you ask for it to be erased. Bills are kept as tax law requires.,يُحفظ ملفك لإقاماتك القادمة حتى تطلب حذفه. وتُحفظ الفواتير وفق ما يتطلبه النظام الضريبي.,Votre profil est conservé pour vos futurs séjours jusqu'à ce que vous demandiez son effacement. Les factures sont conservées conformément à la législation fiscale.,components\PrivacyNotice.tsx,,translated
Your rights:,Your rights:,حقوقك:,Vos droits :,components\PrivacyNotice.tsx,,translated
Your session ended. Sign in to pick up where you left off.,Your session ended. Sign in to pick up where you left off.,انتهت جلستك. سجّل الدخول للمتابعة من حيث توقفت.,Votre session a expiré. Reconnectez-vous pour reprendre où vous en étiez.,screens\Login.tsx,,translated
ZATCA Phase 1 ready - QR and XML on every invoice.,ZATCA Phase 1 ready - QR and XML on every invoice.,جاهز للمرحلة الأولى من زاتكا - رمز QR وملف XML على كل فاتورة.,Conforme ZATCA Phase 1 - QR et XML sur chaque facture.,screens\Settings.tsx,,translated
ZATCA: still needed for valid e-invoices - {fields}.,ZATCA: still needed for valid e-invoices - {fields}.,زاتكا: مطلوب لإصدار فواتير إلكترونية صحيحة - {fields}.,ZATCA : encore requis pour des factures électroniques valides - {fields}.,screens\Settings.tsx,fields,translated
ZIRI Agent,ZIRI Agent,وكيل ZIRI,,lib\apps.ts,,missing:fr
ZIRI Agent → Connect your AI,ZIRI Agent → Connect your AI,من ZIRI Agent إلى «اربط ذكاءك الاصطناعي»,ZIRI Agent → Connectez votre IA,screens\Settings.tsx,,translated
"ZIRI Agent for staff. Pick a provider, paste the key, Test. Claude Desktop is MCP (ZIRI Agent → Connect your AI) — not an Anthropic key in this form.","ZIRI Agent for staff. Pick a provider, paste the key, Test. Claude Desktop is MCP (ZIRI Agent → Connect your AI) — not an Anthropic key in this form.",وكيل ZIRI للموظفين. اختر مزوّدًا، والصق المفتاح، ثم اختبر. تطبيق Claude Desktop يعمل عبر MCP (من ZIRI Agent إلى «اربط ذكاءك الاصطناعي») — لا بمفتاح Anthropic في هذه الخانة.,"Agent ZIRI pour le personnel. Choisissez un fournisseur, collez la clé, testez. Claude Desktop passe par MCP (ZIRI Agent → Connectez votre IA) — pas par une clé Anthropic dans ce formulaire.",screens\Settings.tsx,,translated
ZIRI Agent needs an AI key to start working.,ZIRI Agent needs an AI key to start working.,يحتاج وكيل ZIRI مفتاح ذكاء اصطناعي ليبدأ العمل.,L'agent ZIRI a besoin d'une clé IA pour démarrer.,screens\Assistant.tsx,,translated
ZIRI PMS will create a whole-property sellable unit for each listing. You can add physical rooms later for housekeeping if needed.,ZIRI PMS will create a whole-property sellable unit for each listing. You can add physical rooms later for housekeeping if needed.,سيُنشئ ZIRI PMS وحدة قابلة للبيع للعقار بالكامل لكل قائمة. يمكنك إضافة غرف فعلية لاحقًا للتدبير المنزلي إن لزم.,ZIRI PMS créera une unité vendable couvrant tout l'établissement pour chaque annonce. Vous pourrez ajouter des chambres physiques plus tard pour le ménage si besoin.,screens\Setup.tsx,,translated
Zoho Books,Zoho Books,,,screens\AccountingExport.tsx,,needs_translation
